time,kn,pressure,force,mass_0,mass_1,volumeLoading,massFlow_0,massFlow_1,massFlux_0,massFlux_1,regression_0,regression_1,web_0,web_1,exitPressure,dThroat,machNumber_0,machNumber_1
0.0,245.04689512271173,2331504.819654064,0.0,1.9438604544086848,1.0237771248576857,57.25020485400112,0.0,0.0,0.0,0.0,0.0,0.0,0.025,0.01495825667984825,0.0,0.0,0.0,0.0
0.03,238.45325610924007,2230838.436235678,1240.0611279230368,1.9438604544086848,1.0237771248576857,56.79977722326355,0.0,0.0,123.42702719324815,99.04096694611842,0.00011912103052385523,0.00011912103052385523,0.024880878969476147,0.014839135649324394,1237956.8381793182,0.0,0.04735212341588279,0.03797945486420995
0.06,236.467487713655,2200854.7811728027,1222.7700962169617,1.9353627789053731,1.0089263081219644,56.35792867750797,0.2832558501103903,0.7782830746344338,120.53718722251747,154.75237375539191,0.00023625050368082575,0.00023625050368082575,0.024763749496319175,0.014722006176167424,1221318.0246114987,0.0,0.04687226404346169,0.06022564163275947
0.09,235.20540939502052,2181878.9713078444,1211.8270897911145,1.9269929319704324,0.9943923706587118,55.92003590710267,0.2789948978313565,0.7634594799397765,119.10443790899053,151.47552647197736,0.00035277608510078684,0.00035277608510078684,0.024647223914899215,0.014605480594747464,1210787.818698227,0.0,0.04671754547496417,0.059460005071477216
0.12,234.14889363986129,2166042.180810789,1202.6942990745454,1.9186523245093015,0.9800342463955138,55.48574537744582,0.2780202487043656,0.7566243908109634,117.91322491298331,148.9451616693333,0.00046891684931559365,0.00046891684931559365,0.024531083150684408,0.014489339830532657,1201999.5111459794,0.0,0.04658814180690234,0.058891986367310516
0.15,233.0964277684258,2150309.951635817,1193.6218069817287,1.9103255504472292,0.965849015488942,55.055357073852875,0.2775591354024091,0.7504001656214714,116.80019981473401,146.4373775414572,0.0005847348671838219,0.0005847348671838219,0.02441526513281618,0.014373521812664429,1193269.2782525204,0.0,0.046485764181541205,0.05832184734722133
0.18,232.05252865773116,2134749.0903288843,1184.6481396397123,1.9020083817502904,0.951856456095364,54.6289485621412,0.2772389565646257,0.7436576030172264,115.70241138218059,143.98492875543732,0.0007002308224700805,0.0007002308224700805,0.02429976917752992,0.014258025857378169,1184634.072717873,0.0,0.04638426988525736,0.05776099884424476
0.21,230.94566793136966,2118296.8917509927,1175.1604542108212,1.8937009784184737,0.9380604289381249,54.20656347268308,0.2769134443938892,0.7367810163018573,114.62094134229848,141.56790141493207,0.000815406787653189,0.000815406787653189,0.02418459321234681,0.014142849892195062,1175504.268242104,0.0,0.04630741667546131,0.05723050328675347
0.24,229.67539982003916,2099475.812942171,1164.3066783871784,1.8854033980904827,0.9244631380146626,53.78829960035264,0.27658601093303314,0.7298290417151095,113.53392059706137,139.17839213846707,0.0009302428618509022,0.0009302428618509022,0.0240697571381491,0.014028013817997348,1165059.9035809468,0.0,0.04627938059805178,0.05676722211682149
0.27,228.68365637003274,2084826.1722517263,1155.858495497871,1.8771172823104756,0.9110680111031767,53.37628149496911,0.2762038593335718,0.7227080897164359,112.41134512664934,136.14295429025728,0.0010446880989119238,0.0010446880989119238,0.02395531190108808,0.013913568580936326,1156930.3980951873,0.0,0.04614344381305752,0.05591632361486381
0.30000000000000004,227.84208530372462,2072425.5756910774,1148.7072956906832,1.868846524948142,0.8979812830906986,52.96643563363336,0.2756919120777838,0.7119161791603879,111.38597560326636,134.45834568047826,0.00115882762142752,0.00115882762142752,0.02384117237857248,0.01379942905842073,1150048.9388644744,0.0,0.04599577667338882,0.055553603711282
0.33000000000000007,226.89002183308122,2058430.9626886847,1140.6368554247722,1.8605851843113759,0.8849977394007016,52.55484303070011,0.27537802122554006,0.7081628108921064,110.41768662663536,134.1116454571746,0.001272707324179908,0.001272707324179908,0.023727292675820095,0.013685549355668342,1142282.9420525269,0.0,0.0459057094263483,0.05578789457201981
0.3600000000000001,225.98184157817212,2045115.1824004902,1132.95788571039,1.8523301248619304,0.8719173699389715,52.151814413040086,0.27516864831484966,0.7111809637058524,109.4282184358126,130.42303689434544,0.0013862926524211617,0.0013862926524211617,0.02361370734757884,0.013571964027427089,1134893.6178536394,0.0,0.04579028390655896,0.05460273208154571
0.3900000000000001,225.05703627537628,2031589.5949853463,1125.1579240196588,1.844084034261118,0.8592719567567357,51.7501013285755,0.2748696866937461,0.6963834594349387,108.46349527132134,129.1489447048793,0.0014995967347683557,0.0014995967347683557,0.023500403265231645,0.013458659945079894,1127387.8826543747,0.0,0.045688523423252324,0.05442871565179079
0.42000000000000015,224.03979441106836,2016751.7209919996,1116.6011903882288,1.8358461441303466,0.8466865354499269,51.35198624049555,0.2745963376923788,0.6941103812526735,107.50531538512534,127.16521485289832,0.001612613978857129,0.001612613978857129,0.023387386021142872,0.01334564270099112,1119153.9068196286,0.0,0.04561791521918604,0.05398552937041678
0.4500000000000002,223.13713594865143,2003620.0240897175,1109.0283782338806,1.8276170429718666,0.8342788319144857,50.95573860500885,0.27430337194933596,0.6878934897973754,106.53146839712414,125.7848186049726,0.0017253151941480983,0.0017253151941480983,0.023274684805851903,0.013232941485700152,1111866.7870496889,0.0,0.04550067854687472,0.053748717420783916
0.4800000000000002,222.17381049167489,1989641.9320599774,1100.9674653141635,1.8193990420546677,0.8219568299310035,50.56039314323619,0.27393336390662737,0.6846667633560344,105.60240230685176,124.70413382796839,0.0018377355193783904,0.0018377355193783904,0.02316226448062161,0.01312052116046986,1104109.9085432927,0.0,0.045420552936614574,0.05366101281593322
0.5100000000000002,221.16363735521807,1975024.2559813352,1092.5377158384943,1.8111897623397575,0.8096728720733857,50.16897918048859,0.2736426571636752,0.6831079190842693,104.66660534752923,122.70272845200367,0.0019498555970600424,0.0019498555970600424,0.02305014440293996,0.013008401082788208,1095998.150254685,0.0,0.045351087885694995,0.053189071883462564
0.5400000000000003,220.21771599558727,1961373.6950980145,1084.6656842084533,1.8029907964657712,0.7975823946543464,49.780556695533306,0.27329886246620916,0.6763147764341837,103.72821363769425,121.03196559513309,0.00206166029129792,0.00206166029129792,0.02293833970870208,0.01289659638855033,1088423.0581927025,0.0,0.045257074406237614,0.05282883570864533
0.5700000000000003,219.25868274363833,1947570.868597257,1076.7058437501246,1.7948034340694188,0.7856353808344926,49.39491813662642,0.27291207987841426,0.6711458738735429,102.81912744136058,119.43841849257151,0.0021731691628639285,0.0021731691628639285,0.02282683083713607,0.012785087516984322,1080763.4560093412,0.0,0.04517818980012235,0.05250173553911072
0.6000000000000003,218.3120929962305,1933983.6798096662,1068.8703576617872,1.786626423169258,0.773822323885207,49.011476852290144,0.27256703000536253,0.6663355949815486,101.91673956787461,118.06442712175836,0.002284377615411899,0.002284377615411899,0.022715622384588102,0.012673879064436351,1073223.534091688,0.0,0.045096110768779875,0.05226163617561768
0.6300000000000003,217.28714217399303,1919312.7187606578,1060.4098797072138,1.7784602773172986,0.7621123004249272,48.63009861375216,0.2722048617319765,0.6625389770746375,101.02820133417944,116.74957632390631,0.0023952890544208056,0.0023952890544208056,0.022604710945579195,0.012562967625427444,1065082.1894884228,0.0,0.04504453585013431,0.052074071598369166
0.6600000000000004,216.46801467841414,1907618.580927415,1053.6660818738349,1.7703049215050615,0.7504984275420701,48.249817439864714,0.27184519374123806,0.6589742898364744,100.12759704921285,115.76471754507743,0.0025058783372633136,0.0025058783372633136,0.022494121662736687,0.012452378342584936,1058592.7925967062,0.0,0.04491637202289447,0.05195095179813646
0.6900000000000004,215.67968635359773,1896389.9411212937,1047.1907283354956,1.7621623811196936,0.7389286069814137,47.87364121772001,0.271418012845596,0.6570786982008081,99.2951799746693,113.8322408668253,0.002616209739642726,0.002616209739642726,0.022383790260357275,0.012342046940205523,1052361.6695534876,0.0,0.0448064499785441,0.05138450579782992
0.7200000000000004,214.771973133791,1883492.218942904,1039.752845173652,1.7540280929137915,0.7275633196642239,47.50086353847017,0.2711429401967373,0.6499858507697298,98.48061579130874,112.17116304679688,0.002726292605730094,0.002726292605730094,0.02227370739426991,0.012231964074118156,1045204.3698967183,0.0,0.04474304638899988,0.05098023440157676
0.7500000000000004,213.814284062099,1869920.8702256952,1031.926493767482,1.7459015250702477,0.7163664798016345,47.130260033134476,0.270885594784794,0.6441135902044426,97.64169094329198,110.92871353813928,0.0028360888669484094,0.0028360888669484094,0.022163911133051592,0.01212216781289984,1037673.2248515431,0.0,0.044683727290607995,0.05078088073270028
0.7800000000000005,212.85283577347798,1856333.9931665172,1024.091187447284,1.7377856477662916,0.7052716504845952,46.76131443656618,0.2705292434652007,0.6403568873665111,96.79817001382288,109.85060882933092,0.0029455822417956854,0.0029455822417956854,0.022054417758204315,0.012012674438052564,1030133.4623986159,0.0,0.04462179206826246,0.05065504609277238
0.8100000000000005,211.88030150183485,1842628.9928097764,1016.1877615573037,1.729681830664473,0.6942507007864853,46.395346906602676,0.27012723672728745,0.6374922266642824,95.96294316078296,108.38597276221867,0.003054771019772275,0.003054771019772275,0.021945228980227726,0.011903485660075975,1022528.1744355068,0.0,0.044565667435374164,0.050350528345343586
0.8400000000000005,211.02236578913678,1830571.153949103,1009.2342239178985,1.72159036751161,0.683371769030183,46.030973305881915,0.2697154384287674,0.6323464969721767,95.1338564767036,107.35653083710324,0.003163651153717781,0.003163651153717781,0.02183634884628222,0.011794605526130469,1015836.9215418678,0.0,0.04447144027045575,0.050200381807454654
0.8700000000000006,210.18767869100841,1818869.1067547973,1002.4858648990127,1.7135117245780924,0.6725626404151254,45.668083829783754,0.2692880977839189,0.629592384952508,94.34530846807952,106.35535050207997,0.003272258563281503,0.003272258563281503,0.021727741436718497,0.011685998116566747,1009343.124839421,0.0,0.04438637963763557,0.05005176810374697
0.9000000000000006,209.26927195811894,1806026.48866285,995.0797592674206,1.7054433971137062,0.6618201278286238,45.307814333640536,0.2689442488128746,0.6270280016962615,93.57161376914361,105.0448570015693,0.0033806002321723964,0.0033806002321723964,0.021619399767827605,0.011577656447675853,1002216.3973022457,0.0,0.04433531091014681,0.04978582652104492
0.9300000000000006,208.32531440857835,1792862.835733059,987.4885186498419,1.6973850193866287,0.6512034755161664,44.948039654856174,0.2686125909025838,0.6225010013178286,92.78341131186335,104.39067579885186,0.003488649040344051,0.003488649040344051,0.02151135095965595,0.0114696076395042,994911.4860635541,0.0,0.04428451843333732,0.049839191174360836
0.9600000000000006,207.4173418651203,1780235.7382163182,980.2066998368979,1.6893387629745225,0.6406003513792996,44.59044279901242,0.2682085470702071,0.6216460182991009,91.99674423587797,103.24475111769243,0.0035963963282321567,0.0035963963282321567,0.021403603671767843,0.011361860351616094,987904.3418528643,0.0,0.044220353597270654,0.04964116863498048
0.9900000000000007,206.5445899131002,1768130.6109574162,973.2258918333099,1.6813054304907784,0.6300971935511618,44.23755132131234,0.267777749458135,0.6178830103960624,91.22821456590145,101.3734022169207,0.0037038530975497027,0.0037038530975497027,0.021296146902450297,0.011254403582298548,981186.8626920438,0.0,0.04415100603028062,0.04907355561546933
1.0200000000000007,205.65144999718538,1755775.3926168305,966.1008608250972,1.6732843576156613,0.6198256854076382,43.886959817596626,0.26736909583723695,0.6097527006213577,90.47731253748726,100.2250419262598,0.0038110301595117193,0.0038110301595117193,0.02118896984048828,0.01114722652033653,974330.6106260781,0.0,0.04409560561939837,0.04885848445004132
1.0500000000000007,204.86368926335814,1744905.4230472143,959.8323459266245,1.6652748889624065,0.6096617951349018,43.53968581401734,0.2669822884418268,0.6057786308663715,89.72884816606845,98.80762066103895,0.003917920512321791,0.003917920512321791,0.02108207948767821,0.01104033616752646,968298.5605842782,0.0,0.04400305066427941,0.04846653094559359
1.0800000000000007,204.06046751396747,1733848.6843524224,953.4561246508484,1.657277697479617,0.5996575945536392,43.195419531785795,0.2665730494263145,0.6000464021350682,89.01634903725339,97.48178362002359,0.004024557589130592,0.004024557589130592,0.02097544241086941,0.010933699090717657,962162.8406862766,0.0,0.043931865160733385,0.048120207463977466
1.1100000000000008,203.18393748225523,1721813.4821290001,946.5156411508275,1.6492904267547213,0.5897993822967699,42.85496952170428,0.2662423574965267,0.5948494327255046,88.3070899167961,95.96063601215394,0.0041309360357728465,0.0041309360357728465,0.020869063964227157,0.010827320644075404,955484.1586987838,0.0,0.04388635889310715,0.04769934137081524
1.1400000000000008,202.1982701715231,1708318.056547324,938.733073244066,1.6413136179095895,0.5801285295072215,42.51678235625245,0.26589362817105816,0.5882553878226708,87.58572138561023,94.90920355970528,0.0042370318036348276,0.0042370318036348276,0.020762968196365174,0.010721224876213423,947995.1637877387,0.0,0.0438716882273573,0.04754900894252416
1.1700000000000008,201.31573060069206,1696269.0723091261,931.784641905332,1.6333492167317687,0.5705625664954319,42.18164582541115,0.26548003926069413,0.5843454729870134,86.84301365254157,93.65451106892021,0.004342809139342447,0.004342809139342447,0.020657190860657555,0.010615447540505803,941308.8327595149,0.0,0.043808517464364274,0.047252955199340516
1.2000000000000008,200.52805381633135,1685542.749744639,925.598965637272,1.6254000556878927,0.5611394968958389,41.84811415007606,0.26497203479586656,0.5790743547823015,86.13509952241219,92.79370579204237,0.004448300856256992,0.004448300856256992,0.02055169914374301,0.010509955823591259,935356.4600689976,0.0,0.04372774434088262,0.04711623871980209
1.2300000000000009,199.6334848154365,1673392.3527648444,918.592051404219,1.617463816295281,0.5517866953824088,41.51650549628406,0.2645413130870559,0.5763013635347258,85.45924434718059,91.85446318385054,0.004553537251018943,0.004553537251018943,0.020446462748981056,0.010404719428829307,928613.8750765715,0.0,0.04369958920039909,0.04697763667613985
1.260000000000001,198.79433369592718,1662025.2124224224,912.0368271109811,1.6095383577010065,0.5425227953514574,41.18456959035007,0.2641819531424838,0.572978620840862,84.76231798792314,91.57933590657392,0.00465848321002185,0.00465848321002185,0.02034151678997815,0.0102997734698264,922305.9058365129,0.0,0.04363952572174739,0.04715770957396573
1.290000000000001,198.07040948416576,1652242.7329513824,906.3954480882076,1.6016264620036615,0.5332283688903118,40.857354085258855,0.2637298565781654,0.5735440719496869,84.086844407173,89.8851062293366,0.004763156273445347,0.004763156273445347,0.020236843726554654,0.010195100406402903,916877.3323465978,0.0,0.04354788402516897,0.04655785652741649
1.320000000000001,197.27917342089987,1641575.9106933018,900.2440845709592,1.5937269452889014,0.5241662514606401,40.53268139802493,0.26331722382533973,0.5653878048143953,83.44795538219414,88.80654669290888,0.004867593559944813,0.004867593559944813,0.02013240644005519,0.010090663119903438,910957.9762892196,0.0,0.043497722342691815,0.04629746361606973
1.350000000000001,196.4369933227652,1630251.3192849585,893.713397478629,1.5858371370375752,0.5152262357828834,40.2096040236456,0.2629936083775375,0.5609941309694277,82.79799712329543,88.02576492201179,0.004971772769812512,0.004971772769812512,0.02002822723018749,0.009986483910035739,904673.6517477001,0.0,0.043458649691753094,0.04620898565902699
1.380000000000001,195.45888479314937,1617136.5522490775,886.1503484721061,1.5779588497709882,0.5063573942022661,39.8894469320781,0.2626095755529005,0.5582376282401436,82.14137045131767,86.88934855456874,0.0050756768520335074,0.0050756768520335074,0.019924323147966494,0.009882579827814743,897395.8919088466,0.0,0.04346366196198327,0.04598179493354595
1.410000000000001,194.71875803033325,1607239.6310054425,880.4429729484292,1.5700935041310338,0.49762698758897883,39.57172978184382,0.2621781879984816,0.5531917417747242,81.45644103500038,85.90961704171617,0.005179260834813212,0.005179260834813212,0.01982073916518679,0.009778995845035037,891903.7962234787,0.0,0.043366442843385755,0.0457427075482589
1.440000000000001,193.9154257037342,1596523.8158973113,874.2633561404525,1.5622446413212712,0.4890065756246654,39.256773672435486,0.2616287603254201,0.5489758258025353,80.83902641673434,84.80451114344507,0.0052826021942291536,0.0052826021942291536,0.019717397805770847,0.009675654485619096,885957.2938078145,0.0,0.043326522180170204,0.045456699555418964
1.470000000000001,193.06172354177752,1585166.144417249,867.7135923689201,1.5544065227162334,0.48051854153761553,38.94328606730897,0.2612706201679268,0.5442050897362549,80.21151990451875,84.10141309868477,0.00538567981174118,0.00538567981174118,0.019614320188258823,0.00957257686810707,879654.5830836396,0.0,0.04329816730633895,0.04540269715037651
1.500000000000001,192.27167812926683,1574682.9826803782,861.6681425532781,1.5465808745574823,0.47209415880162736,38.63119858229875,0.2608549386250362,0.5416676964913085,79.57734346877565,83.42250835598422,0.005488476692716668,0.005488476692716668,0.019511523307283334,0.009469779987131582,873837.1868546078,0.0,0.043241690682589796,0.045335851459975145
1.5300000000000011,191.3996999190824,1563143.5230383791,855.0135448358761,1.538769114531493,0.4637284649495577,38.32073165944091,0.2603920008663089,0.5392484626019638,78.96537918504747,82.6762120510469,0.00559101334777415,0.00559101334777415,0.019408986652225853,0.0093672433320741,867433.5915794176,0.0,0.043225885522944874,0.045261791856422304
1.5600000000000012,190.57877958455867,1552309.4002389626,848.7657021215913,1.5309698098470657,0.45543431966744286,38.01291388733743,0.25997682281424517,0.536448332218074,78.33868247611301,81.68207017474242,0.005693262315297869,0.005693262315297869,0.019306737684702133,0.009264994364550382,861421.4332406769,0.0,0.04318203246002422,0.0450291081839997
1.5900000000000012,189.72138742062424,1541024.6966350684,842.2580176048298,1.523185174694634,0.44726282697037795,37.70625637461088,0.25948783841438505,0.5318709283165487,77.73081079383958,81.07820597466898,0.005795239982817373,0.005795239982817373,0.019204760017182628,0.009163016697030877,855159.2112543582,0.0,0.04316067741411931,0.04502350545534547
1.6200000000000012,188.9115091019117,1530394.2639239207,836.1276392812965,1.5154140867281733,0.4391379306158661,37.40064407310552,0.25903626554869186,0.5298661440324204,77.1196230814973,80.52184993928397,0.005896933820133382,0.005896933820133382,0.01910306617986662,0.009061322859714869,849260.063781879,0.0,0.043118668089427124,0.04502515585763287
1.6500000000000012,188.15930205203418,1520546.0202864883,830.4483352529218,1.507657624447124,0.431052588436193,37.09778630272024,0.25854874270164385,0.5280601486907474,76.52607794321314,79.50779173663273,0.0059983591059763,0.0059983591059763,0.019001640894023702,0.008959897573871951,843794.9983073396,0.0,0.04306381494219256,0.044745441754282016
1.6800000000000013,187.40852742436766,1510740.7669653068,824.7938229625718,1.4999147446481862,0.42309644841746835,36.798893935179954,0.25809599329792804,0.5233006605887491,75.95243151854737,78.18487841117334,0.006099534569764519,0.006099534569764519,0.018900465430235484,0.008858722110083731,838353.7839586163,0.0,0.04301831448221039,0.044285493920605185
1.7100000000000013,186.49748504439498,1498874.959072322,817.9510261099016,1.4921841350158245,0.41533358995953357,36.5015818842129,0.2576869877453906,0.5164489363432168,75.38448566932074,77.51059231318831,0.006200460306643595,0.006200460306643595,0.018799539693356408,0.008757796373204656,831769.114772759,0.0,0.04303467950112078,0.0442510502944413
1.7400000000000013,185.67793379389423,1488231.3357262602,811.8130409857283,1.4844659027753222,0.4076402718401951,36.20602966023111,0.25727440801674256,0.5137183453280255,74.78232817356746,76.81734917198487,0.006301082493772806,0.006301082493772806,0.018698917506227195,0.008657174186075443,825862.6500222613,0.0,0.04299616579146253,0.04416874157622521
1.7700000000000014,184.76833270741042,1476452.1790297644,805.0202143112341,1.4767642826891783,0.40002156444871934,35.9130027453262,0.25672066953813155,0.510677582587323,74.20829017359836,75.89876105321265,0.006401431130872014,0.006401431130872014,0.018598568869127988,0.008556825548976237,819326.0625760525,0.0,0.04300653463799952,0.04398833982811558
1.8000000000000014,184.05666421517142,1467261.1622278723,799.7199211148468,1.469077098413045,0.3925193238725593,35.62411598881281,0.25623947587110807,0.50631416174311,73.61752313120468,74.59415488693276,0.006501475620648889,0.006501475620648889,0.018498524379351112,0.00845678105919936,814225.7066852705,0.0,0.04293125743214573,0.04350200297910737
1.8300000000000014,183.35023405308024,1458159.4958927578,794.4711547170025,1.4614068124724224,0.38521479536548087,35.33458932750308,0.25567619802075264,0.499160481590033,73.08054716199403,74.50382095712474,0.00660128174783045,0.00660128174783045,0.01839871825216955,0.0083569749320178,809174.9174869407,0.0,0.042884030832213656,0.04372099720460296
1.8600000000000014,182.56679575176224,1448090.9751433574,788.6648208612374,1.4537484953089888,0.37786512779779524,35.04732056479892,0.25527723878112274,0.5002661577039769,72.54970883100358,73.68919346385194,0.006700850918583404,0.006700850918583404,0.018299149081416596,0.008257405761264845,803587.6061111637,0.0,0.04286850532277899,0.04354323694403459
1.8900000000000015,181.67219194282782,1436626.4071127065,782.0534117818992,1.4461021456430934,0.37062053379415677,34.76161799979651,0.2548783221965131,0.4963647889844621,72.00499127176177,73.07149183770733,0.006800156894122308,0.006800156894122308,0.018199843105877692,0.008158099785725941,797225.5951067928,0.0,0.04288620747637817,0.043522761975903566
1.9200000000000015,180.8908985516617,1426642.440368904,776.2958386922454,1.4384698863854064,0.3634430352430084,34.47731917469503,0.2544086419228986,0.4936585936278437,71.43834626805612,72.50582401931935,0.006899161800490747,0.006899161800490747,0.018100838199509254,0.008059094879357503,791685.1929896218,0.0,0.042846396727462946,0.04348798981648879
1.9500000000000015,180.26082155373481,1418610.2205096139,771.6638027391268,1.4308547411079102,0.35632118736451496,34.19519446160787,0.25383817591653945,0.4912331051996548,70.90416055856818,71.71913838523218,0.0069979033076423575,0.0069979033076423575,0.018002096692357646,0.007960353372205893,787227.8789524409,0.0,0.042766628994056206,0.04325922278081898
1.9800000000000015,179.5772036464467,1409915.0696502638,766.6494664654851,1.4232539239432476,0.34929770924967013,33.915721362592144,0.25336057215542185,0.4874765093169161,70.41107397310599,70.81310467355834,0.007096432078908559,0.007096432078908559,0.01790356792109144,0.00786182460093969,782402.6969896405,0.0,0.04273105911642952,0.04297554985996443
2.0100000000000016,178.7545416375589,1399478.4699464655,760.6308681323746,1.415663637540141,0.34240115017950484,33.63804930219499,0.25300954677021836,0.4828948491090613,69.90949323071713,70.15850365922928,0.007194729715579777,0.007194729715579777,0.017805270284420225,0.007763526964268473,776611.1164063606,0.0,0.0427430810745577,0.04289564270935196
2.0400000000000014,177.91571490389694,1388867.325422783,754.5116129577808,1.4080853980037682,0.3355859033825391,33.36355013619615,0.2526079845457607,0.47978287777795303,69.37915593974157,69.17400161461241,0.007292748760200427,0.007292748760200427,0.017707251239799576,0.007665507919647823,770722.6914571768,0.0,0.04274291526238589,0.04261626526970611
2.070000000000001,177.17669405269638,1379544.3083482229,749.1351975909937,1.4005229676132296,0.3289193184783218,33.09157124202311,0.2520810130179537,0.47430050982519667,68.84968858809697,68.34855787814423,0.0073904832340253215,0.0073904832340253215,0.017609516765974678,0.007567773445822929,765549.0683925338,0.0,0.04270329515708336,0.0423918422656521
2.100000000000001,176.40776901695074,1369869.522554747,743.5559235647391,1.3929769147530593,0.32236699755671133,32.82183442227979,0.2515350953390098,0.469945792726025,68.34858075287326,67.58586073701322,0.007487966571245823,0.007487966571245823,0.017512033428754178,0.0074702901086024275,760180.2586787043,0.0,0.04269186435255692,0.042214492216893995
2.130000000000001,175.69619504905305,1360939.5311842489,738.4061590147381,1.3854447616311183,0.31591699769206616,32.5542254911314,0.25107177073136666,0.4660717662195391,67.84477950035071,66.87543046859078,0.007585188184716889,0.007585188184716889,0.017414811815283114,0.007373068495131361,755224.7489857323,0.0,0.042655168759116464,0.04204449950224546
2.1600000000000006,174.92444763171943,1351279.6258064006,732.8354662551063,1.3779274269354442,0.30956248122758157,32.288473205391895,0.25057782318913535,0.4623950386719552,67.35888906542435,66.22800023519368,0.007682167206990886,0.007682167206990886,0.017317832793009115,0.007276089472857364,749864.1815205425,0.0,0.04265242110640323,0.04193489796636833
2.1900000000000004,174.19262122125457,1342143.7095556739,727.5669485502402,1.37042353025091,0.30329076834097674,32.02487921736804,0.2501298894844739,0.4591869857046349,66.86305254592638,65.52600572767278,0.0077788826990927125,0.0077788826990927125,0.01722111730090729,0.007179373980755538,744794.3955552024,0.0,0.042626595013910806,0.04177250626626516
2.22,173.44560781752332,1332842.640281857,722.2031900832782,1.3629347898495277,0.2971157772933065,31.762465178519285,0.24962468004607885,0.4554577149684195,66.38085655981044,65.06090785879825,0.007875347882487418,0.007875347882487418,0.017124652117512584,0.0070829087973608325,739632.9658942863,0.0,0.042614479169562965,0.04176542971810395
2.25,172.68276454855825,1323369.9935040365,716.7404859722459,1.3554602797054491,0.29098772016272534,31.502002013732422,0.24915033813595056,0.4534189091553231,65.89924728157226,64.41492931624346,0.007971557148200713,0.007971557148200713,0.01702844285179929,0.0069866995316475375,734376.3204414233,0.0,0.04260810793949843,0.04164650316894078
2.28,171.96554662501475,1314487.4608425645,711.6180900015851,1.3480005305349574,0.2849460281103012,31.242815373988485,0.24865830568305824,0.45004804076386373,65.41806929654305,63.94152907676135,0.008067504638353148,0.008067504638353148,0.016932495361646854,0.0068907520414951025,729447.1438765969,0.0,0.04258276187326693,0.04161973551907476
2.3099999999999996,171.2487542663556,1305633.0481295486,706.51191029673,1.3405560925610889,0.2789551951692553,30.983365964546515,0.24814793246228373,0.4478423638304789,64.95158911651977,63.84382838341867,0.008163205606561018,0.008163205606561018,0.016836794393438985,0.006795051073287232,724533.59054944,0.0,0.042565804402814995,0.04183839253328707
2.3399999999999994,170.37686009827095,1294893.5337622405,700.3186265545191,1.3331258765803282,0.27293651923177764,30.725181496146636,0.24767386602535524,0.44829639727461124,64.48914786474897,63.37498625645365,0.008258659806500476,0.008258659806500476,0.016741340193499526,0.006699596873347775,718573.8912381787,0.0,0.04261335851505252,0.04187567121453255
2.369999999999999,169.61717799063393,1285563.8346013662,694.9383577493808,1.325709993905358,0.2669690798250128,30.469156626687898,0.24719608916567254,0.44611073605783463,63.99478503567336,62.71003685288881,0.008353813309322578,0.008353813309322578,0.016646186690677425,0.006604443370525672,713396.5839290898,0.0,0.04259353775207279,0.04173674133456407
2.399999999999999,168.95040406731218,1277396.3989985003,690.2283453219324,1.3183127295841555,0.2610949676372564,30.21420283319073,0.2465754773734193,0.44237921696529775,63.53046240465264,62.28314360508759,0.00844870433511578,0.00844870433511578,0.01655129566488422,0.00650955234473247,708864.2410555268,0.0,0.042554774928938784,0.0417176249607407
2.429999999999999,168.29029889201712,1269330.25237275,685.5767444160646,1.310931207797426,0.25526063350716893,29.960105221647837,0.2460507262243154,0.4405285305605652,63.09136194043773,61.91387830529811,0.00854336461434198,0.00854336461434198,0.016456635385658024,0.006414892065506271,704388.1100067012,0.0,0.042529150528897365,0.041733849692953136
2.4599999999999986,167.54216645899172,1260212.0732813184,680.3184554102382,1.3035630495162618,0.24945731715798813,29.70919039873767,0.24560527603880722,0.4390491543448338,62.65740988335153,60.99079221373518,0.008637796112003836,0.008637796112003836,0.016362203887996165,0.006320460567844414,699328.1593587181,0.0,0.04254225545035866,0.04140846200526908
2.4899999999999984,166.76567241987982,1250774.8056710234,674.8761538253866,1.2962081877145886,0.243805688248194,29.459119233284593,0.24516206005577396,0.43354969038224467,62.20692502298734,60.65694733557938,0.008731967904611447,0.008731967904611447,0.016268032095388553,0.0062262887752368035,694091.1602752836,0.0,0.04255509703872492,0.04149269009936991
2.5199999999999982,165.8966577652105,1240245.2359921439,668.8039413887429,1.288869118007513,0.2381819993069464,29.211020360894214,0.24463565690252173,0.4320919549441092,61.75370277144688,60.04386628563554,0.008825869677988367,0.008825869677988367,0.016174130322011634,0.006132387001859883,688248.0005505148,0.0,0.04260380856378616,0.0414218808260383
2.549999999999998,165.16793615980995,1231441.788540631,663.7271524286357,1.281546733301194,0.23264386169798373,28.96473156816065,0.2440794902106284,0.4286840771760503,61.28320266536599,59.48323035208975,0.008919468688879804,0.008919468688879804,0.016080531311120198,0.0060387879909684465,683362.6972416958,0.0,0.0425814150211507,0.04132829609673899
2.579999999999998,164.54863351941856,1223979.0402661653,659.4235204412196,1.2742436779526507,0.2271802225249584,28.720519198204443,0.24343517828477879,0.42555648405229,60.84837458879715,58.83269580431816,0.009012813347866648,0.009012813347866648,0.015987186652133355,0.005945443331981602,679221.4190889291,0.0,0.04253697479414454,0.041125152251917076
2.6099999999999977,163.89507162332933,1216122.2667128209,654.8926612002948,1.2669562636940794,0.2218085762919217,28.478570274188975,0.24291380861904227,0.42196868305359925,60.441800753049506,58.14584976436075,0.009105941509345423,0.009105941509345423,0.01589405849065458,0.005852315170502827,674861.4462745909,0.0,0.04252570474603317,0.040907210518025476
2.6399999999999975,163.10047277544135,1206596.0783344605,649.399080616378,1.2596816174322278,0.2165414906769627,28.238409937662357,0.2424882087283864,0.418057729227019,60.03075776169658,57.596876817198655,0.009198840859139178,0.009198840859139178,0.015801159140860825,0.005759415820709072,669575.0928069581,0.0,0.04257005416292685,0.0408407851856425
2.6699999999999973,162.29337683901602,1196949.3900216406,643.8360098991553,1.2524207807500178,0.21135330920206388,28.00041618619762,0.24202788940700012,0.41496727190362775,59.59131678503264,56.97522819268723,0.00929146155040166,0.00929146155040166,0.015708538449598342,0.005666795129446591,664221.8729203437,0.0,0.04259906673102625,0.04072537052101636
2.699999999999997,161.6415387610007,1189180.0069857098,639.3555471894156,1.2451777324729265,0.20625964702932414,27.76444713314985,0.24143494256971082,0.4112236816610354,59.15262325000277,56.37600743179197,0.0093837986692805,0.0093837986692805,0.015616201330719502,0.005574458010567751,659910.4123939315,0.0,0.04256165648450368,0.04056002301369188
2.729999999999997,161.04583197330518,1182096.5784009928,635.2706620081652,1.2379529423510647,0.20125267953295006,27.53026264286048,0.2408263373953945,0.40772525394119724,58.75217084102673,55.81692647157264,0.009475906372170322,0.009475906372170322,0.01552409362782968,0.005482350307677929,655979.6142216745,0.0,0.042526764755759956,0.04039812728397458
2.7599999999999967,160.41563267990463,1174620.6163569945,630.9594098787929,1.2307422543937945,0.19632411496463842,27.297176658283806,0.24035626524234005,0.4046417508527282,58.367390680933916,55.437742000460865,0.00956780410545733,0.00956780410545733,0.015432195894542672,0.005390452574390921,651830.9811861897,0.0,0.04251712071808567,0.04037902348108831
2.7899999999999965,159.75065202307684,1166751.7093791552,626.4215535113602,1.2235442221812187,0.19143983710000023,27.065059975003802,0.23993440708585853,0.4027436692404648,57.977943585327594,55.10322319900341,0.009659479388407279,0.009659479388407279,0.015340520611592722,0.005298777291440971,647464.300195528,0.0,0.04251826868793247,0.04040610514279265
2.8199999999999963,158.96076506384424,1157431.0276278397,621.0464848832605,1.2163598980456276,0.18659209613061783,26.834447085972755,0.23947747118637047,0.40106883683245037,57.58382627124199,54.64400818719889,0.00975091958158214,0.00975091958158214,0.015249080418417861,0.00520733709826611,642291.985714847,0.0,0.04256941401994769,0.0403920208274159
2.849999999999996,158.1724274672441,1148157.1288952332,615.6983951761131,1.20919034802439,0.1818075321448049,26.60610450758657,0.23898500070792159,0.3984704669016857,57.1651643846103,54.0180913411575,0.009842080040866955,0.009842080040866955,0.015157919959133046,0.005116176638981295,637145.6204474622,0.0,0.04260132110342809,0.04025161378993368
2.879999999999996,157.49839646371916,1140250.53777483,611.1388070450737,1.2020391506343482,0.17712229998331058,26.37953773867151,0.23837324633472584,0.39454765171787015,56.75013789670958,53.49751745413297,0.009932960785202094,0.009932960785202094,0.015067039214797908,0.005025295894646157,632758.0318113385,0.0,0.042585253640629386,0.04013992337941925
2.9099999999999957,156.86709254617125,1132864.0915861523,606.8791770908266,1.1949063842054823,0.17251068821545193,26.15416287164648,0.23775888096219483,0.39147927322414994,56.363525406519244,53.10360816532289,0.01002360194997025,0.01002360194997025,0.014976398050029751,0.004934654729878,628659.0838202744,0.0,0.04257088141266532,0.04010409431475235
2.9399999999999955,156.17655191556193,1124805.5745407601,602.2319760259923,1.187788975285757,0.1679455026971093,25.93087575557992,0.23724696399084108,0.3894198146022617,55.98927822915398,52.51023739902324,0.010114018366868125,0.010114018366868125,0.014885981633131876,0.004844238312980125,624187.1876836603,0.0,0.04259122545545343,0.0399397924002928
2.9699999999999953,155.50134008641132,1116947.209708495,597.7001991232877,1.1806858318445905,0.1634742729409226,25.709399119035115,0.23677144803888606,0.38581243991177666,55.60492144691348,51.9991779344972,0.010204188551368395,0.010204188551368395,0.014795811448631607,0.004754068128479855,619826.3509916855,0.0,0.04259645131979526,0.03982914246347949
2.999999999999995,154.8787300587253,1109719.7093256074,593.5322303411591,1.17359871389436,0.15908086621502202,25.488946179338747,0.23623726500768458,0.3826841558710372,55.22686177813915,51.66650224507157,0.010294117567061101,0.010294117567061101,0.0147058824329389,0.004664139112787149,615815.605006212,0.0,0.04258234835436989,0.039832076254623
3.029999999999995,154.20318601758254,1101898.0203911294,589.0216037655297,1.1665272957447197,0.15472482432375775,25.2705999954012,0.2357139383213432,0.3809153346968186,54.86314836651844,51.07739850850076,0.010383823847374504,0.010383823847374504,0.014616176152625497,0.004574432832473746,611475.1098388294,0.0,0.04260222477601094,0.03965711828747706
3.0599999999999947,153.4538966181014,1093247.2244560323,584.0328461746731,1.1594701981456625,0.15046366826075597,25.053501055539083,0.23523658663523833,0.37727512206863123,54.49067481178356,50.70654230635431,0.01047328806831967,0.01047328806831967,0.014526711931680331,0.00448496861152858,606674.5392557895,0.0,0.04264790576425496,0.039680748655717274
3.0899999999999945,152.79181105468965,1085624.9201245664,579.6372010943003,1.1524290108039401,0.14625125443202455,24.83752252400687,0.23470624472408108,0.37512003901512825,54.1050257988643,50.37018683778685,0.0105624833314517,0.0105624833314517,0.014437516668548301,0.00439577334839655,602444.7068368006,0.0,0.04264337970413453,0.03969431070549301
3.1199999999999943,152.0549687083696,1077165.9469393282,574.7590642147212,1.1454059218680146,0.1420788199960367,24.62358808793662,0.2341029645308505,0.37318411239711247,53.741171031838725,49.800095971074306,0.010651440520994397,0.010651440520994397,0.014348559479005605,0.0043068161588538535,597750.5635484488,0.0,0.042689324285177695,0.039552991493285596
3.149999999999994,151.43845040293473,1070107.7356139969,570.6887213709766,1.1383985696716936,0.1379966071226733,24.411767154319406,0.23357840654403272,0.36965216898947884,53.36390360748901,49.23825773756345,0.010740132292125051,0.010740132292125051,0.01425986770787495,0.004218124387723199,593833.777109938,0.0,0.04266919388819713,0.03936437040033089
3.179999999999994,150.8283842545904,1063140.853421342,566.6710463866203,1.131409177322024,0.13400599050502443,24.201029536572882,0.23297974498898516,0.3660002989106145,53.01538724067688,48.894002459905515,0.010828601609217477,0.010828601609217477,0.014171398390782524,0.004129655070630773,589967.649170343,0.0,0.0426683121018182,0.039345271962390176
3.2099999999999937,150.04829182601523,1054257.6401289888,561.5482579084376,1.124434426524652,0.13005688739856397,23.99173542399744,0.23249169324573624,0.36412846346108496,52.67083310161445,48.48265278935301,0.010916850459671107,0.010916850459671107,0.014083149540328894,0.004041406220177143,585038.0804997636,0.0,0.04274835751940461,0.03934298819805281
3.2399999999999936,149.3107406921662,1045885.0722177556,556.7199493879848,1.117474225176865,0.12616806077899154,23.784392819452094,0.23200671159289885,0.36163426557864664,52.292366252221356,47.978966593458026,0.011004816902364788,0.011004816902364788,0.013995183097635214,0.003953439777483463,580391.9172744374,0.0,0.04278100809488202,0.039245763622443065
3.2699999999999934,148.67723361700814,1038713.9729856569,552.5845061296626,1.1105335252891193,0.122360891613676,23.57808991790604,0.23135666292485685,0.3582623017687081,51.92581442974452,47.66169267711604,0.011092515821929782,0.011092515821929782,0.01390748417807022,0.0038657408579184684,576412.4548787283,0.0,0.04277439633332155,0.039255411268082824
3.299999999999993,148.022054459114,1031317.3943596433,548.3190329820201,1.103611220544712,0.11858922163954576,23.373283432757752,0.2307434914802453,0.3564658239512533,51.58418109505135,47.23274894456081,0.011179984553891428,0.011179984553891428,0.013820015446108573,0.0037782721259568223,572307.8749832349,0.0,0.04279777907284118,0.03918099832562175
3.329999999999993,147.30975886703084,1023298.9351841393,543.6949325664181,1.096704428812767,0.11487960731052481,23.16999962692642,0.23022639106483242,0.3538802020321974,51.24042125702955,46.816231935915965,0.011267214829262295,0.011267214829262295,0.013732785170737706,0.003691041850585955,567858.207033139,0.0,0.04284579528393603,0.03913972430951542
3.3599999999999928,146.74462343211263,1016954.1112135808,540.0359873106003,1.0898138658119718,0.11123269427992837,22.967529931568663,0.2296854333598386,0.35124920104638674,50.88702282968059,46.5694260725792,0.011354185402391062,0.011354185402391062,0.013645814597608939,0.003604071277457188,564337.2796569886,0.0,0.04281570467920748,0.039176357892817544
3.3899999999999926,146.11161059061286,1009865.1353596887,535.9479031195232,1.0829412731399155,0.10761001137806155,22.76669794284428,0.22908642240187702,0.349842519130771,50.567404032893094,46.10854044458026,0.011440949586393441,0.011440949586393441,0.01355905041360656,0.003517307093454809,560403.4068656778,0.0,0.04284550965671434,0.039060726420596645
3.4199999999999924,145.55437658492585,1003640.4795817772,532.3582566875065,1.0760824990940943,0.10405840246757406,22.56737583028746,0.22862580152737494,0.34701276521029123,50.235707703148485,45.707075353517716,0.011527482231494,0.011527482231494,0.013472517768506002,0.0034307744483542506,556949.1616125895,0.0,0.04282841783891945,0.03896060349610232
3.449999999999992,144.95140425160955,996921.4720646624,528.4835265464293,1.0692395910784358,0.10056919388887546,22.368665854743462,0.22809693385528185,0.3444038864785684,49.9223843234146,45.49467660425557,0.011613810738318749,0.011613810738318749,0.013386189261681253,0.0033444459415295016,553220.5836891987,0.0,0.042848187763493244,0.03904105783303972
3.479999999999992,144.2194802367676,988788.7239199032,523.7935177488473,1.0624104408318171,0.09709795844598694,22.17161091235639,0.22763834155395588,0.3433461896502399,49.60164752783717,45.06056522899366,0.011699918014504764,0.011699918014504764,0.013300081985495238,0.0032583386653434864,548707.491147152,0.0,0.04292321638661743,0.038986480788707235
3.509999999999992,143.6336420221653,982297.5545316235,520.050177736868,1.0555964579433015,0.09369734640511611,21.976253488679554,0.22713276295052154,0.34048649764621597,49.256089599872155,44.62997425336759,0.011785756274882675,0.011785756274882675,0.013214243725117326,0.003172500404965575,545105.3499864375,0.0,0.04290581579554716,0.038868899255036504
3.5399999999999916,142.92174055130383,974431.5876813302,515.5140168878273,1.0488014832462607,0.0903657192258754,21.78170408307486,0.22649915656802744,0.3375533958760511,48.943635882997356,44.36889986159403,0.011871378836865466,0.011871378836865466,0.013128621163134535,0.0030868778429827843,540740.3065357885,0.0,0.04297794879259535,0.038953598615668404
3.5699999999999914,142.21223250831358,966616.1259157013,511.00698140787256,1.0420213546112027,0.08706113063470146,21.589087656055373,0.2260042878352649,0.33615724087439625,48.60699752220668,43.88813147372104,0.01195673883279901,0.01195673883279901,0.013043261167200991,0.00300151784704924,536403.2679775144,0.0,0.04302754924056902,0.038842862665572374
3.599999999999991,141.64753934588006,960413.0432894224,507.42977582231373,1.0352598408173597,0.08383812561913992,21.397872686360063,0.22538379312810147,0.33281729364681945,48.27323894142192,43.514238271137266,0.012041836648039874,0.012041836648039874,0.012958163351960128,0.0029164200318083765,532961.0003836302,0.0,0.04300805784945442,0.03876055170194824
3.629999999999991,140.98487602637255,953153.2424040075,503.2431799244399,1.028516969891798,0.08066912406785705,21.207971439465435,0.22476236418538983,0.3303957492281522,47.97201699092043,43.143673296699866,0.012126725438092834,0.012126725438092834,0.012873274561907167,0.002831531241755416,528932.3280590415,0.0,0.04306534145567926,0.03872311577309013
3.659999999999991,140.411295077707,946886.3859848485,499.62919714569375,1.0217885857925717,0.07755373419158024,21.020000166639207,0.224279469974209,0.32812579918343604,47.65250356771384,42.66661874174026,0.012211368532347035,0.012211368532347035,0.012788631467652967,0.0027468881475012155,525454.6688194422,0.0,0.043061625303060826,0.03854809823971437
3.6899999999999906,139.81897275767435,940431.3516589395,495.90669557078445,1.015077649610278,0.07452093907222675,20.833281859160934,0.2236978727431227,0.32479104338823905,47.353705658418825,42.321123237996545,0.012295798603610556,0.012295798603610556,0.012704201396389446,0.0026624580762376945,521872.5770281131,0.0,0.04308538109931976,0.03849831772462894
3.7199999999999904,139.11845671238902,932819.0293224412,491.5168069264133,1.0083816249118902,0.07153818153005141,20.648377980116493,0.22320082327959384,0.32262607468543836,47.05308047403871,41.86431117032607,0.012380008342431921,0.012380008342431921,0.01261999165756808,0.0025782483374163292,517648.2942563943,0.0,0.04316138103657388,0.038393371171358
3.7499999999999902,138.53006217016917,926443.3797882383,487.8400851254341,1.001701143898863,0.0686339335206443,20.464449059444313,0.2226827004342402,0.3194909674144773,46.732154453548965,41.610830872994235,0.01246395704224485,0.01246395704224485,0.012536042957755152,0.002494299637603401,514110.2494793133,0.0,0.043162004189616944,0.03842357472887166
3.77999999999999,137.8551934826895,919151.3091483047,483.6348798436356,0.99503948937821,0.06576139723285157,20.281387665416183,0.2220551506884346,0.31780636028152554,46.43657462388774,41.3541550680803,0.012547686095697846,0.012547686095697846,0.012452313904302155,0.002410570584150404,510063.65970745654,0.0,0.04322940620699221,0.03848962182194877
3.80999999999999,137.26122999728713,912751.6605218106,479.94431820008674,0.9883934294882797,0.06291823566730986,20.10009387914844,0.2215353296643426,0.3163073818490662,46.12520121327131,40.92158183238531,0.012631162783052893,0.012631162783052893,0.012368837216947108,0.0023270938967953573,506512.3130706314,0.0,0.043240626984496815,0.03835382964428995
3.8399999999999896,136.7259591631995,906999.038376887,476.6268850288352,0.9817656132230823,0.06014845668568315,19.91999414941974,0.22092720883991243,0.3132531748941361,45.832581759016385,40.59842683522491,0.01271441696808094,0.01271441696808094,0.012285583031919062,0.002243839711767311,503320.02149790013,0.0,0.04323881642760751,0.038292187623256646
3.8699999999999894,136.14886731394668,900812.5370864636,473.0592415998383,0.9751537207625767,0.057424649347007695,19.74092714379071,0.22039641535018806,0.31118999330603664,45.553976462323405,40.31572109234788,0.012797470322229639,0.012797470322229639,0.012202529677770363,0.0021607863576186114,499886.96260008827,0.0,0.04327119186146507,0.0382866798468844
3.8999999999999893,135.50772578067728,893958.398055792,469.1065835583599,0.9685560800410382,0.05474012284370241,19.56349337431641,0.2199213573846152,0.3094055741614581,45.26867534712444,39.91254509816934,0.012880306817818352,0.012880306817818352,0.012119693182181649,0.002077949862029898,496083.389852918,0.0,0.04333000189193072,0.0381942585586629
3.929999999999989,134.9120218447383,887607.9487295323,465.44439426162756,0.9619740125608391,0.05212468398369405,19.387006793296734,0.21940224933996907,0.3065835446735811,44.972201824152506,39.6678899671088,0.012962901974326065,0.012962901974326065,0.012037098025673936,0.0019953547055221853,492559.3480481106,0.0,0.04335425342286095,0.03823178609991733
3.959999999999989,134.1997868973935,880037.9522306055,461.07891416244235,0.9554095124096016,0.04954077651951965,19.21169174106868,0.21881667170791838,0.3049469205137316,44.686980392710474,39.359799592413296,0.01304527250432508,0.01304527250432508,0.011954727495674921,0.0019129841755231702,488358.53547503013,0.0,0.043450060186104734,0.03826120970584772
3.9899999999999887,133.6210609894658,873905.2130959432,457.54227439653766,0.9488612998118008,0.04700130919495534,19.038021960759856,0.2182737532600269,0.3029226640788372,44.37994030035745,38.96814035213288,0.01312737396883508,0.01312737396883508,0.011872626031164922,0.001830882711013171,484955.3097603996,0.0,0.04345434914679236,0.03814612462637456
4.019999999999989,132.98251378261455,867157.5769500408,453.6510346429055,0.9423329561731792,0.04452725768509214,18.865215215198404,0.2176114546207179,0.30007983828282453,44.102075287566116,38.720434296619146,0.013209256402612241,0.013209256402612241,0.01179074359738776,0.001749000277236009,481210.8404960693,0.0,0.04351843111532102,0.038198670625846
4.049999999999989,132.4122570681148,861148.480960946,450.185697643317,0.9358205507898013,0.04208200442975095,18.69384379459612,0.21708017944593133,0.2985886212906378,43.813910383095035,38.37106076441618,0.013290896744248102,0.013290896744248102,0.011709103255751899,0.001667359935600148,477876.2136722148,0.0,0.04353580429949759,0.038118018333672864
4.079999999999989,131.87574426834368,855509.5472495254,446.9338265359366,0.9293259642819709,0.0396933342035914,18.523503281794717,0.21648621692768044,0.2961085577996655,43.54146993118409,38.09663765661371,0.013372320509188896,0.013372320509188896,0.011627679490811105,0.0015859361706593543,474747.0137027565,0.0,0.04355029795711395,0.038094818079878745
4.10999999999999,131.21146666619575,848547.3871702356,442.918874708972,0.9228472126635738,0.03734226751216637,18.354400972509676,0.21595838727990202,0.2943272769940696,43.277626751907455,37.78158496167021,0.01345354018754524,0.01345354018754524,0.011546459812454762,0.0015047164923030105,470883.5083353374,0.0,0.043641753178063895,0.038089747632263866
4.13999999999999,130.57766906662295,841924.9599619503,439.0998406856179,0.9163833463615917,0.03504049936699167,18.186753411879764,0.21546221006607155,0.29218781490522827,42.98973078580591,37.44073842726578,0.013534506738414755,0.013534506738414755,0.011465493261585247,0.0014237499414334956,467208.53347213904,0.0,0.04369253834258852,0.03804294883881938
4.16999999999999,130.09056585701663,836848.7946404038,436.17250793262025,0.909938312872466,0.03279530716580848,18.019916027801873,0.2148344496375243,0.2896741896769639,42.709849028576585,37.22391879273271,0.013615231319807667,0.013615231319807667,0.011384768680192335,0.0013430253600405836,464391.622409527,0.0,0.0436713406700102,0.03805208160888597
4.19999999999999,129.48911698241483,830597.2107127532,432.5673325235677,0.9035112688943792,0.030574121991201873,17.854363618994295,0.21423479926956,0.28827430508978025,42.46126445662948,36.887185201542216,0.013695769631366927,0.013695769631366927,0.011304230368633074,0.0012624870484813228,460922.4361700607,0.0,0.04374410055240831,0.03799157045454928
4.229999999999991,128.95251696716113,825034.8066459337,429.35959467840877,0.8970978225134996,0.028405947555730653,17.690182843242997,0.21378154602931984,0.2860540272116938,42.19133041730616,36.56667221969245,0.013776077579063373,0.013776077579063373,0.011223922420936628,0.0011821791007848772,457835.7031323389,0.0,0.04375909244162919,0.03791525239264425
4.259999999999991,128.27694586069774,818052.1479838231,425.33282168938973,0.8907015269385866,0.02629172266778846,17.52712632521475,0.21320985249709823,0.2836840154285047,41.936114948081496,36.27884921535062,0.013856179655851283,0.013856179655851283,0.011143820344148719,0.0011020770239969675,453960.8201543231,0.0,0.04386588008317629,0.037937937526190464
4.289999999999991,127.73251807036962,812441.4894362728,422.09725635773776,0.8843204731860581,0.024220533294218572,17.365493875426484,0.21270179175095033,0.2817414375366133,41.65474732335706,35.952421593069666,0.013936022078547798,0.013936022078547798,0.011063977921452204,0.0010222346013004525,450847.31486228324,0.0,0.04387248099565603,0.03785608889064982
4.319999999999991,127.20847859114988,807054.887994238,418.9909007074044,0.8779589875695042,0.022203594182969143,17.205628186259993,0.21204952055179732,0.2792808242601116,41.401350745854145,35.51608620721696,0.014015654871571689,0.014015654871571689,0.010984345128428313,0.0009426018082765615,447858.124242418,0.0,0.04389668668178323,0.0376459136702161
4.349999999999992,126.56394746831441,800448.5409641742,415.18113983206655,0.871613125738232,0.02026261358257391,17.046472551254087,0.21152872770907236,0.2762280810555801,41.15361676484182,35.32951853158549,0.014095085562840818,0.014095085562840818,0.010904914437159184,0.0008631711170074326,444192.0606814117,0.0,0.043994358648380714,0.03775740755062508
4.379999999999992,126.0419553561258,795113.4154283236,412.104469406035,0.8652823274469169,0.018343376007641403,16.88835058767988,0.21102660971050366,0.2750011955415873,40.88348071951746,35.09055863379665,0.014174267246857995,0.014174267246857995,0.010825732753142006,0.0007839894329902553,441231.45216264063,0.0,0.043998845200259394,0.03775365457333626
4.409999999999992,125.40190261050091,788590.245965637,408.34267552977525,0.858970371047561,0.016458878221254546,16.73112853490817,0.2103985466451963,0.27321513952475823,40.63937782559464,34.84998764867889,0.014253246910082354,0.014253246910082354,0.010746753089917647,0.0007050097697658964,437611.5583830658,0.0,0.04409814098315909,0.03780506361063446
4.439999999999992,124.82166408856342,782694.4358252409,404.9426684306805,0.8526735503613437,0.014605892748968775,16.574890536297517,0.20989402287390954,0.27166020528343526,40.37339870593072,34.62327664750628,0.014331978424223688,0.014331978424223688,0.010668021575776314,0.0006262782556245624,434339.7998893234,0.0,0.044139620028159646,0.03784211050310256
4.469999999999993,124.16071893836663,775999.1760776083,401.081633198853,0.8463955818255368,0.012785064832103584,16.419688983196533,0.20926561786023257,0.26995988175573893,40.12092076031285,34.36235408272858,0.014410484561017288,0.014410484561017288,0.010589515438982714,0.0005477721188309626,430624.40361383656,0.0,0.04424226705951301,0.037881031689230786
4.499999999999993,122.56469470576555,759922.4954253329,391.8105021674959,0.8401346882719466,0.011000887411405544,16.265639300424617,0.20869645178633878,0.26816903247627344,39.8540631644163,34.09539987352855,0.014488733484234658,0.014488733484234658,0.010511266515765344,0.0004695231956135925,421703.00161815103,0.0,0.04487917954884708,0.03838274076687897
4.529999999999993,117.84557723091332,713143.464185539,364.83388071655645,0.8338934468492669,0.009256766531297136,16.11360291732966,0.20804138075598927,0.26617874342626957,39.40402457512559,33.7530463196871,0.014566359132750175,0.014566359132750175,0.010433640867249827,0.0003918975470980756,395743.9579749696,0.0,0.04728893386830642,0.0404935852046553
4.559999999999993,107.40462763604863,613736.9284434671,307.50792903712255,0.8277010989779058,0.0075681140632028136,15.966185847250692,0.2064115957120379,0.262700011315182,38.33373637625976,33.13388405242442,0.014642123490620594,0.014642123490620594,0.010357876509379407,0.0003161331892276558,340580.3887949642,0.0,0.05347452774437308,0.046202037030319575
4.589999999999994,101.62852301623298,561222.8728709654,277.2240227550303,0.8216564704769133,0.0059711902220260646,15.828139250211738,0.20148761669975074,0.2547184114056424,36.08649332144718,31.851737591706005,0.014713665410431462,0.014713665410431462,0.01028633458956854,0.0002445912694167881,311438.818820901,0.0,0.05505531813773285,0.048576224045372325
4.619999999999994,98.91895449113827,537211.0228651694,263.37682304235096,0.8159480522918586,0.004523786517755565,15.696102341708052,0.19028060616848771,0.2385273963108377,34.770765513808875,29.894942207811926,0.014782804089373764,0.014782804089373764,0.010217195910626238,0.00017545259047448657,298113.94694644277,0.0,0.055420334358099836,0.047627358549242306
4.649999999999994,98.56873034436079,534136.7153086753,261.6039254645842,0.8104308006197728,0.0031967361908360943,15.567910564295994,0.18390838906952775,0.22814339996684346,34.09479363644975,28.607987746635924,0.014850797484306831,0.014850797484306831,0.01014920251569317,0.00010745919554141885,296407.92893540836,0.0,0.054653101966909805,0.045835044963067326
4.679999999999994,98.56192835141835,534077.0733760004,261.5695310404645,0.8050043959428318,0.001978156155999099,15.44203017301793,0.1808801558980333,0.2214994903925998,33.92073152132938,27.749491073887015,0.014918641976683172,0.014918641976683172,0.01008135802331683,3.961470316507856e-05,296374.832692208,0.0,0.05437924384134152,0.044461445436023365
4.709999999999995,98.55826288217331,534044.9344872419,261.55099712445735,0.7995893543589127,0.0008680266841603743,15.318643079029226,0.18050138613063815,0.21750570185859563,33.82023683252594,27.14116136285823,0.014986483575101524,0.014986483575101524,0.010013516424898478,-2.8226895253273543e-05,296356.9994118384,0.0,0.05422087658003466,0.04348727472544696
4.739999999999995,98.56684010207698,534120.1408370041,261.59436726647334,0.7941740433035525,0.0,15.214166683340014,0.1805103685120065,0.1805103685120065,33.72078467607102,0.0,0.015054323613987368,0.014986483575101524,0.009945676386012634,0.0,296398.7289170857,0.0,0.05405327043212884,0.0
4.769999999999995,98.57506430044663,534192.2556400773,261.6359545694156,0.788758375730234,0.0,15.109675762372266,0.1805222524439487,0.1805222524439487,33.624279005675,0.0,0.01512216730215386,0.014986483575101524,0.009877832697846142,0.0,296438.7473847587,0.0,0.05389076738849319,0.0
4.799999999999995,98.58293540319333,534261.2777677063,261.67575838235143,0.7833419552205294,0.0,15.005170920974498,0.18054735032348632,0.18054735032348632,33.528048292750924,0.0,0.01519001448928989,0.014986483575101524,0.009809985510710112,0.0,296477.04816614534,0.0,0.05372906710981685,0.0
4.829999999999996,98.59045333935633,534327.2061390326,261.7137780819691,0.7779248131275323,0.0,14.900652764213106,0.18057140309990505,0.18057140309990505,33.432091496445956,0.0,0.015257865025067197,0.014986483575101524,0.009742134974932804,0.0,296513.6372942558,0.0,0.05356816482977631,0.0
4.859999999999996,98.5976180411039,534390.0397211211,261.7500130725939,0.7725069808156343,0.0,14.796121897363058,0.1805944103965988,0.1805944103965988,33.33640758213059,0.0,0.015325718759141084,0.014986483575101524,0.009674281240858918,0.0,296548.4998309475,0.0,0.05340805581718135,0.0
4.889999999999996,98.60442944373419,534449.7775289824,261.78446278620004,0.7670884896600378,0.0,14.691578925898451,0.180616371853215,0.180616371853215,33.24099552134751,0.0,0.015393575541151136,0.014986483575101524,0.009606424458848866,0.0,296581.6495458533,0.0,0.053248735375666774,0.0
4.919999999999996,98.61088748567616,534506.4186255977,261.81712668242585,0.7616693710462674,0.0,14.587024455483233,0.1806372871256808,0.1806372871256808,33.14585429174015,0.0,0.01546143522072193,0.014986483575101524,0.009538564779278072,0.0,296613.0903931992,0.0,0.053090198843354114,0.0
4.949999999999997,98.61699210849034,534559.962121941,261.84800424858594,0.7562496563696864,0.0,14.482459091961708,0.1806571558860326,0.1806571558860326,33.05098287702609,0.0,0.015529297647463755,0.014986483575101524,0.009470702352536246,0.0,296642.8006698681,0.0,0.05293244159258714,0.0
4.979999999999997,98.6227432568694,534610.4071769977,261.87709499968247,0.7508293770350101,0.0,14.377883441349205,0.18067597782254569,0.18067597782254569,32.95638026694282,0.0,0.015597162670973327,0.014986483575101524,0.009402837329026675,0.0,296670.7977938161,0.0,0.052775459029626354,0.0
5.009999999999997,98.62814087863923,534657.7529977881,261.9043984784185,0.7454085644558173,0.0,14.27329810982263,0.18069375263976006,0.18069375263976006,32.862045457209135,0.0,0.0156650301408345,0.014986483575101524,0.009334969859165501,0.0,296697.0720268244,0.0,0.052619246594369506,0.0
5.039999999999997,98.63318492475935,534701.9988393834,261.9299142552069,0.7399872500540648,0.0,14.168703703711195,0.180710480058414,0.180710480058414,32.767977449455834,0.0,0.01573289990661899,0.014986483575101524,0.009267100093381012,0.0,296721.61564019043,0.0,0.05246379976002662,0.0
5.069999999999998,98.63787534932358,534743.144004924,261.9536419281815,0.7345654652596014,0.0,14.06410082948687,0.18072615981544748,0.18072615981544748,32.67417525121672,0.0,0.015800771817887083,0.014986483575101524,0.009199228182112919,0.0,296744.45316390216,0.0,0.05230911403289291,0.0
5.099999999999998,98.64221210956072,534781.1878456364,261.9755811232062,0.7291432415096772,0.0,13.959490093755045,0.18074079166413942,0.18074079166413942,32.58063787585225,0.0,0.015868645724188352,0.014986483575101524,0.009131354275811649,0.0,296765.5581046534,0.0,0.052155184952016244,0.0
5.129999999999998,98.64619516583505,534816.1297608481,261.9957314938842,0.7237206102484588,0.0,13.854872103245153,0.18075437537394823,0.18075437537394823,32.48736434251388,0.0,0.015936521475062377,0.014986483575101524,0.009063478524937624,0.0,296784.9538736269,0.0,0.052002008088932294,0.0
5.159999999999998,98.6498244816469,534847.9691980031,262.01409272156627,0.7182976029265422,0.0,13.750247464801213,0.18076691073055282,0.18076691073055282,32.394353676112075,0.0,0.016004398920039457,0.014986483575101524,0.008995601079960544,0.0,296802.62106976274,0.0,0.051849579047407314,0.0
5.189999999999999,98.65310002363309,534876.7056526729,262.0306645153577,0.7128742510004622,0.0,13.645616785372372,0.1807783975360004,0.1807783975360004,32.30160490726308,0.0,0.01607227790864133,0.014986483575101524,0.00892772209135867,0.0,296818.5729159367,0.0,0.05169789346314935,0.0
5.219999999999999,98.65602176156722,534902.3386685696,262.04544661212555,0.7074505859322054,0.0,13.540980672003611,0.18078883560855852,0.18078883560855852,32.20911707222751,0.0,0.016140158290381887,0.014986483575101524,0.008859841709618115,0.0,296832.7917397234,0.0,0.051546947003508405,0.0
5.249999999999999,98.65858966836046,534924.8678375582,262.0584387765056,0.7020266391887241,0.0,13.436339731826264,0.18079822478271151,0.18079822478271151,32.11688921289977,0.0,0.01620803991476788,0.014986483575101524,0.008791960085232121,0.0,296845.29572416056,0.0,0.05139673536725985,0.0
5.279999999999999,98.66080372006158,534944.2927996643,262.0696408009073,0.6966024422414465,0.0,13.331694572048535,0.18080656490925273,0.18080656490925273,32.024920376745115,0.0,0.016275922631299657,0.014986483575101524,0.008724077368700345,0.0,296856.07823904365,0.0,0.05124725428430648,0.0
5.31,98.66266389585724,534960.6132430824,262.079052505518,0.6911780265657882,0.0,13.227045799946191,0.18081385585527743,0.18081385585527743,31.93320961676738,0.0,0.016343806289471862,0.014986483575101524,0.00865619371052814,0.0,296865.12897443725,0.0,0.05109849951543154,0.0
5.34,98.66417017807257,534973.8289041866,262.08667373830923,0.6857534236406635,0.0,13.122394022853056,0.18082009750415667,0.18082009750415667,31.841755991447098,0.0,0.016411690738774156,0.014986483575101524,0.008588309261225845,0.0,296872.4671390265,0.0,0.05095046685200597,0.0
5.37,98.66532255217115,534983.9395675339,262.0925043750393,0.6803286649479986,0.0,13.01773984815162,0.18082528975549667,0.18082528975549667,31.750558564731175,0.0,0.016479575828691934,0.014986483575101524,0.008520424171308067,0.0,296878.07097186625,0.0,0.050803152115780896,0.0
5.4,98.66612100675532,534990.9450658706,262.09654431925566,0.6749037819722412,0.0,12.91308388326362,0.18082943252524614,0.18082943252524614,31.659616405954228,0.0,0.016547461408707043,0.014986483575101524,0.008452538591292958,0.0,296881.9663163501,0.0,0.05065655115857236,0.0
5.430000000000001,98.66656553356623,534994.845280136,262.09879350229824,0.6694788061998744,0.0,12.808426735640587,0.18083252574555936,0.18083252574555936,31.568928589839786,0.0,0.016615347328298495,0.014986483575101524,0.008384652671701506,0.0,296884.1270694035,0.0,0.05051065986207565,0.0
5.460000000000001,98.66665612748417,534995.6401394666,262.0992518833014,0.6640537691189243,0.0,12.703769012754417,0.1808345693650034,0.1808345693650034,31.478494196428116,0.0,0.01668323343694319,0.014986483575101524,0.008316766563056813,0.0,296884.57001419854,0.0,0.050365474137564294,0.0
5.490000000000001,98.66639278652846,534993.3296211971,262.09791944919453,0.6586287022184738,0.0,12.599111322087964,0.18083556334835088,0.18083556334835088,31.388312311037627,0.0,0.016751119584116618,0.014986483575101524,0.008248880415883383,0.0,296883.28610806033,0.0,0.05022098992564475,0.0
5.520000000000001,98.66577551185756,534987.9137508607,262.09479621470206,0.6532036369881736,0.0,12.49445427112562,0.1808355076766725,0.1808355076766725,31.29838202424071,0.0,0.016819005619293594,0.014986483575101524,0.008180994380706408,0.0,296880.28254200076,0.0,0.05007720319603623,0.0
5.550000000000002,98.66480430776905,534979.3926021899,262.0898822223443,0.647778604917754,0.0,12.389798467343837,0.18083440234732223,0.18083440234732223,31.208702431820285,0.0,0.01688689139194896,0.014986483575101524,0.008113108608051041,0.0,296875.5603771677,0.0,0.049934109947320914,0.0
5.580000000000002,98.66347918169963,534967.7662971148,262.0831775424359,0.6423536374965337,0.0,12.28514451820175,0.1808322473740076,0.1808322473740076,31.119272634721284,0.0,0.016954776751558313,0.014986483575101524,0.008045223248441688,0.0,296869.0974498355,0.0,0.0497917062066886,0.0
5.610000000000002,98.66180014422507,534953.0350057601,262.07468227308493,0.6369287662129336,0.0,12.180493031131734,0.1808290427866714,0.1808290427866714,31.030091739009343,0.0,0.017022661547598707,0.014986483575101524,0.007977338452401294,0.0,296860.930257775,0.0,0.049649988029694225,0.0
5.640000000000002,98.65976720905999,534935.1989464409,262.06439654018976,0.6315040225539877,0.0,12.075844613529952,0.1808247886315284,0.1808247886315284,30.941158855858664,0.0,0.017090545629549383,0.014986483575101524,0.007909454370450618,0.0,296851.0239398259,0.0,0.0495089515000643,0.0
5.670000000000003,98.6573803930577,534914.2583856591,262.05232049743705,0.6260794380048529,0.0,11.97119987274695,0.18081948497116196,0.18081948497116196,30.85247310147473,0.0,0.01715842884689248,0.014986483575101524,0.007841571153107522,0.0,296839.41489197983,0.0,0.0493685927294002,0.0
5.700000000000003,98.65463971621017,534890.213638097,262.0384543262986,0.6206550440483216,0.0,11.86655941607826,0.1808131318843757,0.1808131318843757,30.764033597090474,0.0,0.01722631104911375,0.014986483575101524,0.0077736889508862525,0.0,296826.06006194866,0.0,0.04922890785700149,0.0
5.730000000000003,98.65154520164765,534863.0650666102,262.0227982360264,0.6152308721643337,0.0,11.761923850754885,0.1808057294662639,0.1808057294662639,30.67583946891334,0.0,0.017294192085703274,0.014986483575101524,0.007705807914296727,0.0,296811.00126363616,0.0,0.04908989304961199,0.0
5.760000000000003,98.64809687563839,534832.8130822186,262.00535246364836,0.6098069538294858,0.0,11.657293783933975,0.18079727782826333,0.18079727782826333,30.587889848084718,0.0,0.017362071806156187,0.014986483575101524,0.007637928193843815,0.0,296794.2092921754,0.0,0.048951544501187425,0.0
5.790000000000004,98.64429476758833,534799.458144098,261.986117273963,0.6043833205165444,0.0,11.552669822689342,0.18078777709804594,0.18078777709804594,30.500183870653448,0.0,0.017429950059973384,0.014986483575101524,0.007570049940026618,0.0,296775.70528626005,0.0,0.04881385843268716,0.0
5.820000000000004,98.64013891004092,534763.0007595705,261.96509295953354,0.5989600036939573,0.0,11.448052574002098,0.1807772274195707,0.1807772274195707,30.41272067752641,0.0,0.017497826696662236,0.014986483575101524,0.0075021733033377655,0.0,296755.46516522544,0.0,0.048676831091831275,0.0
5.850000000000004,98.6356293386764,534723.4414840905,261.94227984068056,0.593537034825366,0.0,11.343442644751168,0.18076562895304277,0.18076562895304277,30.325499414441676,0.0,0.017565701565737318,0.014986483575101524,0.007434298434262684,0.0,296733.5223522364,0.0,0.048540458752895074,0.0
5.880000000000004,98.6307660923116,534680.7809212336,261.9176782654754,0.5881144453691161,0.0,11.238840641703906,0.18075298187499866,0.18075298187499866,30.238519231946018,0.0,0.01763357451672111,0.014986483575101524,0.007366425483278892,0.0,296709.8497230023,0.0,0.0484047377165125,0.0
5.910000000000005,98.62554921289941,534635.0197226831,261.8912886097317,0.5826922667777691,0.0,11.134247171506695,0.1807392863782324,0.1807392863782324,30.151779285318458,0.0,0.017701445399144727,0.014986483575101524,0.007298554600855274,0.0,296684.45172330266,0.0,0.048269664309394396,0.0
5.940000000000005,98.61997874552831,534586.1585882147,261.8631112769976,0.5772705304976162,0.0,11.029662840675536,0.18072454267176186,0.18072454267176186,30.065278734578904,0.0,0.017769314062548627,0.014986483575101524,0.007230685937451374,0.0,296657.3413513853,0.0,0.04813523488418496,0.0
5.970000000000005,98.61405473842163,534534.1982656788,261.8331466985452,0.5718492679681897,0.0,10.92508825558659,0.18070875098088468,0.18070875098088468,29.97901674442701,0.0,0.017837180356483327,0.014986483575101524,0.007162819643516675,0.0,296628.50576497125,0.0,0.048001445819207886,0.0
6.000000000000005,98.60777724293719,534479.1395509868,261.80139533336177,0.5664285106217739,0.0,10.820524022466893,0.18069191154719277,0.18069191154719277,29.892992484208772,0.0,0.01790504413051012,0.014986483575101524,0.007094955869489883,0.0,296597.94571460417,0.0,0.04786829351825841,0.0
6.030000000000006,98.60114631356649,534420.9832880889,261.76785766813833,0.561008289882922,0.0,10.715970747384784,0.18067402462839852,0.18067402462839852,29.807205127911015,0.0,0.017972905234201794,0.014986483575101524,0.007027094765798207,0.0,296565.6708763475,0.0,0.04773577441044203,0.0
6.060000000000006,98.59416200793426,534359.7303689591,261.73253421726014,0.5555886371679614,0.0,10.611429036240672,0.18065509049868628,0.18065509049868628,29.721653854073914,0.0,0.018040763517143347,0.014986483575101524,0.0069592364828566546,0.0,296531.68680502893,0.0,0.04760388494988235,0.0
6.090000000000006,98.58682438679735,534295.3817335693,261.6954255227919,0.5501695838845149,0.0,10.50689949475755,0.18063510944821654,0.18063510944821654,29.63633784580783,0.0,0.018108618828932697,0.014986483575101524,0.006891381171067305,0.0,296495.9774328075,0.0,0.04747262161559922,0.0
6.120000000000006,98.57913351404434,534227.9383698722,261.65653215446815,0.5447511614310079,0.0,10.402382728471649,0.18061408178356628,0.18061408178356628,29.551256290734344,0.0,0.018176471019181406,0.014986483575101524,0.006823528980818595,0.0,296458.5439339855,0.0,0.04734198091126531,0.0
6.150000000000007,98.57108945669472,534157.4013137768,261.61585470967896,0.5393334011961847,0.0,10.29787934272296,0.18059200782744034,0.18059200782744034,29.46640838095631,0.0,0.01824431993751539,0.014986483575101524,0.006755680062484611,0.0,296419.4048011278,0.0,0.047211959365011616,0.0
6.180000000000007,98.56269228489775,534083.7716491239,261.5733938134556,0.5339163345586203,0.0,10.193389942646014,0.18056888791881204,0.18056888791881204,29.38179331303244,0.0,0.018312165433575632,0.014986483575101524,0.006687834566424369,0.0,296378.5422991564,0.0,0.047082553529241435,0.0
6.210000000000007,98.55394207193194,534007.0505076621,261.52915011845715,0.5284999928862347,0.0,10.088915133160404,0.18054472241285277,0.18054472241285277,29.29741028792572,0.0,0.01838000735701891,0.014986483575101524,0.00661999264298109,0.0,296335.9714316879,0.0,0.04695375998040363,0.0
6.240000000000007,98.54483889420398,533927.239069022,261.4831243049551,0.5230844075358088,0.0,9.984455518961388,0.18051951168086555,0.18051951168086555,29.213258511001772,0.0,0.018447845557518498,0.014986483575101524,0.006552154442481504,0.0,296291.6808002455,0.0,0.04682557531884781,0.0
6.270000000000008,98.53538283124773,533844.338560687,261.43531708081696,0.5176696098524951,0.0,9.880011704510617,0.18049325611045516,0.18049325611045516,29.129337191955837,0.0,0.018515679884764887,0.014986483575101524,0.006484320115235115,0.0,296245.6753814198,0.0,0.046697996168566076,0.0
6.300000000000008,98.52557396572335,533758.3502579677,261.3857291814914,0.5122556311693366,0.0,9.775584294026707,0.18046595610528388,0.18046595610528388,29.045645544831707,0.0,0.0185835101884665,0.014986483575101524,0.006416489811533501,0.0,296197.9595904156,0.0,0.046571019177083776,0.0
6.330000000000008,98.51541238341618,533669.2754839692,261.33436136998915,0.5068425028067769,0.0,9.67117389147586,0.18043761208532313,0.18043761208532313,28.962182787945416,0.0,0.018651336318350413,0.014986483575101524,0.006348663681649588,0.0,296148.53113820206,0.0,0.04644464101519906,0.0
6.360000000000008,98.50489817323579,533577.1156095649,261.281214436868,0.5014302560721777,0.0,9.566781100562638,0.18040822448663896,0.18040822448663896,28.878948143864765,0.0,0.018719158124163054,0.014986483575101524,0.006280841875836947,0.0,296097.3878215235,0.0,0.04631885837681284,0.0
6.390000000000009,98.49403142721468,533481.8720533601,261.2262892002121,0.49601892225933614,0.0,9.462406524720512,0.18037779376138635,0.18037779376138635,28.79594083939773,0.0,0.018786975455670936,0.014986483575101524,0.0062130245443290655,0.0,296044.5352376142,0.0,0.04619366797877508,0.0
6.420000000000009,98.48281224050727,533383.5462816621,261.16958650561435,0.4906085326479973,0.0,9.358050767102522,0.18034632037796094,0.18034632037796094,28.71316010554431,0.0,0.018854788162661357,0.014986483575101524,0.006145211837338644,0.0,295989.97566861525,0.0,0.0460690665606731,0.0
6.450000000000009,98.47124071138869,533282.139808446,261.1111072261569,0.4851991185033714,0.0,9.253714430572025,0.18031380482086412,0.18031380482086412,28.630605177461987,0.0,0.018922596094943123,0.014986483575101524,0.006077403905056879,0.0,295933.6987709379,0.0,0.04594505088464331,0.0
6.480000000000009,98.45931694125352,533177.6541953189,261.0508522623901,0.4797907110756515,0.0,9.14939811769332,0.18028024759066213,0.18028024759066213,28.54827529445769,0.0,0.01899039910234726,0.014986483575101524,0.006009600897652741,0.0,295875.72069828876,0.0,0.04582161773522701,0.0
6.51000000000001,98.44704103461453,533070.0910514843,260.9888225423126,0.4743833415995272,0.0,9.045102430722308,0.1802456492041434,0.1802456492041434,28.46616969992719,0.0,0.01905819703472773,0.014986483575101524,0.005941802965272271,0.0,295816.0340866418,0.0,0.04569876391914267,0.0
6.54000000000001,98.43441309910132,532959.452033704,260.92501902134904,0.4689770412937054,0.0,8.940827971597265,0.18021001019406144,0.18021001019406144,28.384287641349705,0.0,0.019125989741962137,0.014986483575101524,0.005874010258037864,0.0,295754.6355559876,0.0,0.04557648626514832,0.0
6.57000000000001,98.42143324545917,532845.7388462621,260.85944268232925,0.4635718413604246,0.0,8.836575341929443,0.1801733311093586,0.1801733311093586,28.30262837025331,0.0,0.019193777073952454,0.014986483575101524,0.0058062229260475474,0.0,295691.5266401961,0.0,0.04545478162385836,0.0
6.60000000000001,98.40810158754736,532728.9532409228,260.79209453546383,0.45816777298497424,0.0,8.732345142993891,0.1801356125150126,0.1801356125150126,28.22119114216328,0.0,0.019261558880625723,0.014986483575101524,0.005738441119374278,0.0,295626.72148112324,0.0,0.045333646867534064,0.0
6.6300000000000106,98.39441824233798,532609.0970168909,260.72297561832187,0.45276486733521504,0.0,8.62813797572003,0.18009685499197348,0.18009685499197348,28.139975216618613,0.0,0.01932933501193478,0.014986483575101524,0.005670664988065222,0.0,295560.20191341673,0.0,0.045213078889985256,0.0
6.660000000000011,98.38038332991437,532486.1720207719,260.6520869958071,0.44736315556109246,0.0,8.523954440682513,0.18005705913741918,0.18005705913741918,28.058979857099615,0.0,0.01939710531785896,0.014986483575101524,0.005602894682141042,0.0,295491.9912693306,0.0,0.045093074606329484,0.0
6.690000000000011,98.36599697346954,532360.1801465255,260.57942976013214,0.4419626687941604,0.0,8.419795138091835,0.18001622556440186,0.18001622556440186,27.978204331014002,0.0,0.01946486964840481,0.014986483575101524,0.00553513035159519,0.0,295422.0791138158,0.0,0.04497363095284736,0.0
6.720000000000011,98.35125929930484,532231.1233354259,260.5050050307945,0.4365634381470987,0.0,8.31566066778514,0.17997435490205715,0.17997435490205715,27.897647909683116,0.0,0.01953262785360682,0.014986483575101524,0.00546737214639318,0.0,295350.4534096201,0.0,0.04485474488683864,0.0
6.7500000000000115,98.33617043682816,532099.0035760141,260.4288139545498,0.4311654947132331,0.0,8.211551629217006,0.17993144779551903,0.17993144779551903,27.817309868282237,0.0,0.019600379783528105,0.014986483575101524,0.005399620216471897,0.0,295277.1431784564,0.0,0.04473641338640592,0.0
6.780000000000012,98.32073051855234,531963.8229040522,260.35085770538535,0.42576886956605675,0.0,8.107468621450064,0.17988750490587901,0.17988750490587901,27.73718948585416,0.0,0.01966812528826114,0.014986483575101524,0.005331874711738863,0.0,295202.1302997424,0.0,0.04461863345035742,0.0
6.810000000000012,98.30493968009368,531825.5834024781,260.27113748449386,0.4203735937587489,0.0,8.003412243145947,0.17984252691026215,0.17984252691026215,27.657286045240667,0.0,0.019735864217928466,0.014986483575101524,0.005264135782071536,0.0,295125.4104717203,0.0,0.044501402097978385,0.0
6.840000000000012,98.28879806017005,531684.2872013551,260.18965452024406,0.41497969832369846,0.0,7.899383092555878,0.17979651450168074,0.17979651450168074,27.577598833079296,0.0,0.019803596422683405,0.014986483575101524,0.005196403577316596,0.0,295046.99803963135,0.0,0.044384716368909484,0.0
6.8700000000000125,98.27230580059911,531539.9364778232,260.1064100681534,0.4095872142720251,0.0,7.795381767511589,0.1797494683891121,0.1797494683891121,27.498127139775473,0.0,0.019871321752710766,0.014986483575101524,0.005128678247289235,0.0,294966.89836139546,0.0,0.04426857332298585,0.0
6.900000000000013,98.25546304629692,531392.5334560503,260.02140541085924,0.4041961725930997,0.0,7.691408865416083,0.1797013892975134,0.1797013892975134,27.418870259456092,0.0,0.019939040058227563,0.014986483575101524,0.005060959941772438,0.0,294885.10150742484,0.0,0.04415297004004778,0.0
6.930000000000013,98.23826994527548,531242.0804071779,259.93464185808773,0.3988066042540712,0.0,7.58746498323436,0.17965227796761613,0.17965227796761613,27.339827489979875,0.0,0.02000675118948372,0.014986483575101524,0.004993248810516281,0.0,294801.6097935195,0.0,0.04403790361984419,0.0
6.960000000000013,98.22072664864147,531088.5796492711,259.8461207466253,0.3934185401993841,0.0,7.483550717484344,0.17960213515623713,0.17960213515623713,27.260998132863406,0.0,0.020074454996762792,0.014986483575101524,0.004925545003237209,0.0,294716.42880280653,0.0,0.04392337118180075,0.0
6.9900000000000135,98.20283331059403,530932.0335472636,259.75584344028624,0.3880320113503077,0.0,7.379666664227679,0.17955096163588075,0.17955096163588075,27.182381493286357,0.0,0.020142151330382663,0.014986483575101524,0.004857848669617339,0.0,294629.55127325206,0.0,0.0438093698649171,0.0
7.020000000000014,98.18459008842287,530772.4445129028,259.6638113298818,0.38264704860445964,0.0,7.2758134190604835,0.17949875819493477,0.17949875819493477,27.103976880072302,0.0,0.02020984004069627,0.014986483575101524,0.004790159959303732,0.0,294540.99036234757,0.0,0.04369589682762601,0.0
7.050000000000014,98.16599714250638,530609.8150046951,259.57002583318825,0.3772636828353261,0.0,7.171991577104297,0.17944552563778546,0.17944552563778546,27.025783605630803,0.0,0.020277520978092305,0.014986483575101524,0.004722479021907696,0.0,294450.7530077149,0.0,0.04358294924759022,0.0
7.080000000000014,98.14705463630948,530444.1475278474,259.4744883949129,0.37188194489179227,0.0,7.068201732996848,0.17939126478446016,0.17939126478446016,26.94780098595755,0.0,0.020345193992995933,0.014986483575101524,0.004654806007004068,0.0,294358.8151664308,0.0,0.04347052432159523,0.0
7.1100000000000145,98.1277627363818,530275.4446342115,259.3772004866626,0.3665018655976665,0.0,6.964444480883014,0.17933597647085872,0.17933597647085872,26.870028340593777,0.0,0.020412858935869492,0.014986483575101524,0.004587141064130509,0.0,294265.1989311707,0.0,0.04335861926537625,0.0
7.140000000000015,98.10812161235526,530103.7089222221,259.27816360690775,0.3611234757512082,0.0,6.860720414405641,0.17927966154861105,0.17927966154861105,26.792464992622886,0.0,0.02048051565721321,0.014986483575101524,0.004519484342786793,0.0,294169.89325047913,0.0,0.04324723131350705,0.0
7.170000000000015,98.08813143694219,529928.9430368384,259.1773792809484,0.3557468061246526,0.0,6.757030126696417,0.1792223208851862,0.1792223208851862,26.715110268610218,0.0,0.020548164007565914,0.014986483575101524,0.0044518359924340875,0.0,294072.9114582127,0.0,0.04313635771919768,0.0
7.200000000000015,98.06779238593312,529751.1496694835,259.07484906087956,0.3503718874637407,0.0,6.653374210366869,0.1791639553637296,0.1791639553637296,26.637963498616713,0.0,0.02061580383750574,0.014986483575101524,0.004384196162494261,0.0,293974.24554009,0.0,0.04302599575421232,0.0
7.2300000000000155,98.04710463819445,529570.3315579805,258.9705745255544,0.34499875048724665,0.0,6.5497532574991135,0.17910456588313511,0.17910456588313511,26.561024016150157,0.0,0.02068343499765084,0.014986483575101524,0.0043165650023491604,0.0,293873.9035125987,0.0,0.042916142708687925,0.0
7.260000000000016,98.02606837566634,529386.4914864897,258.8645572805478,0.33962742588650635,0.0,6.4461678596369865,0.17904415335801005,0.17904415335801005,26.484291158135406,0.0,0.020751057338660093,0.014986483575101524,0.0042489426613399085,0.0,293771.89806351496,0.0,0.04280679589098372,0.0
7.290000000000016,98.00468378336036,529199.6322854449,258.7567989581197,0.33425794432494926,0.0,6.3426186077768065,0.1789827187185696,0.1789827187185696,26.407764264915528,0.0,0.020818670711233805,0.014986483575101524,0.004181329288766196,0.0,293668.19806345744,0.0,0.042697952627582234,0.0
7.320000000000016,97.98295104935714,529009.7568314867,258.64730121717685,0.3288903364376268,0.0,6.239106092358426,0.17892026291074967,0.17892026291074967,26.331442680213133,0.0,0.020886274966114438,0.014986483575101524,0.004113725033885563,0.0,293562.8293502584,0.0,0.04258961026292682,0.0
7.3500000000000165,97.96087036480414,528816.8680473979,258.53606574323504,0.3235246328307427,0.0,6.135630903256195,0.1788567868961366,0.1788567868961366,26.255325751094013,0.0,0.020953869954087292,0.014986483575101524,0.00404613004591271,0.0,293455.79401366523,0.0,0.0424817661592634,0.0
7.380000000000017,97.938441923913,528620.9689020327,258.42309424837896,0.3181608640811878,0.0,6.032193629769845,0.17879229165182847,0.17879229165182847,26.179412827968797,0.0,0.021021455525981232,0.014986483575101524,0.003978544474018769,0.0,293347.07607311185,0.0,0.042374417696545395,0.0
7.410000000000017,97.91566592395738,528422.0624102516,258.30838847122413,0.31279906073606834,0.0,5.928794860615594,0.17872677817064958,0.17872677817064958,26.103703264549832,0.0,0.021089031532669392,0.014986483575101524,0.003910968467330609,0.0,293236.69961437944,0.0,0.04226756227226656,0.0
7.440000000000017,97.8925425652702,528220.1516328487,258.19195017687497,0.3074392533122419,0.0,5.825435183917083,0.17866024746088044,0.17866024746088044,26.028196417838778,0.0,0.021156597825069876,0.014986483575101524,0.003843402174930125,0.0,293124.65376471163,0.0,0.042161197301344516,0.0
7.4700000000000175,97.86907205124142,528015.2396764832,258.07378115688596,0.3020814722958503,0.0,5.722115187196463,0.1785927005463872,0.1785927005463872,25.952891648096628,0.0,0.021224154254146466,0.014986483575101524,0.003775845745853535,0.0,293010.9423204428,0.0,0.04205532021597701,0.0
7.500000000000018,97.84525458831529,527807.3296936061,257.9538832292185,0.29672574814185404,0.0,5.6188354573653125,0.17852413846654222,0.17852413846654222,25.877788318824564,0.0,0.021291700670909335,0.014986483575101524,0.003708299329090666,0.0,292895.56911427615,0.0,0.04194992846551632,0.0
7.530000000000018,97.82109038598769,527596.4248823875,257.83225823819924,0.29137211127356727,0.0,5.515596580715809,0.1784545622762257,0.1784545622762257,25.802885796746786,0.0,0.021359236926415746,0.014986483575101524,0.003640763073584255,0.0,292778.53177893854,0.0,0.041845019516348045,0.0
7.560000000000018,97.79657965680379,527382.5284866438,257.7089080544787,0.2860205920821922,0.0,5.412399142911695,0.17838397304583514,0.17838397304583514,25.728183451765375,0.0,0.021426762871770765,0.014986483575101524,0.003573237128229236,0.0,292659.8369731537,0.0,0.04174059085172503,0.0
7.5900000000000185,97.77172261635498,527165.6437957605,257.58383457498593,0.28067122092635993,0.0,5.309243728979407,0.17831237186107612,0.17831237186107612,25.65368065697003,0.0,0.02149427835812796,0.014986483575101524,0.0035057216418720415,0.0,292539.473447691,0.0,0.041636639971691584,0.0
7.620000000000019,97.74651948327653,526945.7741446181,257.45703972288607,0.275324028131663,0.0,5.2061309232991455,0.17823975982323068,0.17823975982323068,25.579376788596832,0.0,0.02156178323669011,0.014986483575101524,0.003438216763309892,0.0,292417.45998811495,0.0,0.04153316439292562,0.0
7.650000000000019,97.72097047924467,526722.9229135149,257.32852544753644,0.2699790439901962,0.0,5.103061309595979,0.17816613804889453,0.17816613804889453,25.505271226001472,0.0,0.021629277358709908,0.014986483575101524,0.0033707226412900936,0.0,292293.8001040639,0.0,0.041430161648604975,0.0
7.680000000000019,97.6950758289737,526497.0935280874,257.1982937244392,0.26463629876009576,0.0,5.0000354709309525,0.17809150767001403,0.17809150767001403,25.431363351651857,0.0,0.02169676057549067,0.014986483575101524,0.00330323942450933,0.0,292168.4857982163,0.0,0.04132762928830653,0.0
7.7100000000000195,97.66883576021337,526268.2894592324,257.0663465551979,0.25929582266507667,0.0,4.89705398969229,0.17801586983396955,0.17801586983396955,25.35765255109653,0.0,0.02176423273838704,0.014986483575101524,0.003235767261612961,0.0,292041.51582886797,0.0,0.04122556487786629,0.0
7.74000000000002,97.64225050374597,526036.5142230268,256.9326859674708,0.25395764589397624,0.0,4.794117447586443,0.1779392257033478,0.1779392257033478,25.284138212952335,0.0,0.02183169369880568,0.014986483575101524,0.003168306301194322,0.0,291912.8901400424,0.0,0.041123965999272066,0.0
7.77000000000002,97.61532029338329,525801.771380646,256.79731401492296,0.2486217986002928,0.0,4.691226425629324,0.17786157645611478,0.17786157645611478,25.21081972886983,0.0,0.02189914330820599,0.014986483575101524,0.00310085669179401,0.0,291782.63149084727,0.0,0.04102283025052025,0.0
7.80000000000002,97.58804536596385,525564.0645382813,256.66023277717994,0.24328831090172923,0.0,4.588381504137495,0.1777829232854522,0.1777829232854522,25.13769649352143,0.0,0.02196658141810081,0.014986483575101524,0.0030334185818991916,0.0,291650.7169471405,0.0,0.04092215524551115,0.0
7.8300000000000205,97.56042596134984,525323.3973470572,256.52144435977925,0.237957212879736,0.0,4.485583262719306,0.177703267399774,0.177703267399774,25.064767904579337,0.0,0.022034007880057105,0.014986483575101524,0.0029659921199428965,0.0,291517.1641765367,0.0,0.04082193861392743,0.0
7.860000000000021,97.53246232242407,525079.7735029472,256.3809508941217,0.23262853457905416,0.0,4.3828322802661575,0.17762261002272814,0.17762261002272814,24.992033362693668,0.0,0.022101422545696695,0.014986483575101524,0.002898577454303306,0.0,291381.9701767498,0.0,0.040722178001114884,0.0
7.890000000000021,97.504154695087,524833.1967466869,256.2387545374222,0.22730230600725967,0.0,4.280129134943778,0.17754095239314965,0.17754095239314965,24.919492271475917,0.0,0.022168825266696935,0.014986483575101524,0.0028311747333030664,0.0,291245.1354560044,0.0,0.040622871067971605,0.0
7.920000000000021,97.47550332825367,524583.6708636907,256.09485747266046,0.22197855713431036,0.0,4.177474404183323,0.17745829576497713,0.17745829576497713,24.84714403746389,0.0,0.02223621589479143,0.014986483575101524,0.002763784105208573,0.0,291106.66520997125,0.0,0.04052401549080828,0.0
7.9500000000000215,97.44650847385043,524331.1996839612,255.94926190852996,0.2166573178920914,0.0,4.074868664672815,0.17737464140729908,0.17737464140729908,24.77498807012092,0.0,0.022303594281770724,0.014986483575101524,0.002696405718229277,0.0,290966.55803005444,0.0,0.04042560896126529,0.0
7.980000000000022,97.41717038681193,524075.78708200273,255.8019700793873,0.2113386181739625,0.0,3.9723124923482844,0.17728999060429668,0.17728999060429668,24.70302378181131,0.0,0.02237096027948302,0.014986483575101524,0.0026290397205169826,0.0,290824.82424914703,0.0,0.04032764918619127,0.0
8.010000000000021,97.38748932507778,523817.436976731,255.65298424520014,0.2060224878343045,0.0,3.869806462385217,0.17720434465526663,0.17720434465526663,24.631250587747473,0.0,0.022438313739834858,0.014986483575101524,0.0025616862601651434,0.0,290681.46454845957,0.0,0.0402301338874765,0.0
8.04000000000002,97.3574655495894,523556.15333138325,255.50230669149593,0.20070895668807398,0.0,3.7673511491896683,0.17711770487435036,0.17711770487435036,24.559667906048553,0.0,0.022505654514791834,0.014986483575101524,0.0024943454852081673,0.0,290536.4626331567,0.0,0.04013306080206931,0.0
8.07000000000002,97.3270993242868,523291.94015342667,255.34993972930835,0.19539805451034375,0.0,3.664947126389806,0.17703007259100753,0.17703007259100753,24.488275157618812,0.0,0.02257298245637929,0.014986483575101524,0.002427017543620711,0.0,290389.85008001566,0.0,0.040036427681698315,0.0
8.10000000000002,97.2963909161051,523024.8014944659,255.19588569512464,0.19008981103586362,0.0,3.5625949668271595,0.17694144914933801,0.17694144914933801,24.417071766206593,0.0,0.022640297416683018,0.014986483575101524,0.0023597025833169832,0.0,290241.6024974476,0.0,0.039940232292890746,0.0
8.130000000000019,97.26534059497125,522754.7414501497,255.04014695083129,0.18478425595860612,0.0,3.460295242547995,0.1768518359085832,0.1768518359085832,24.34605715835554,0.0,0.022707599247849954,0.014986483575101524,0.002292400752150047,0.0,290091.73501007527,0.0,0.03984447241681539,0.0
8.160000000000018,97.23394863380067,522481.76416007546,254.88272588365945,0.179481418931321,0.0,3.3580485247946767,0.17676123424283746,0.17676123424283746,24.27523076338971,0.0,0.022774887802088882,0.014986483575101524,0.0022251121979111194,0.0,289940.2626496818,0.0,0.03974914584918169,0.0
8.190000000000017,97.20221530849385,522205.8738076964,254.72362490613074,0.17418132956508706,0.0,3.255855383997164,0.17666964554113135,0.17666964554113135,24.204592013379013,0.0,0.02284216293167113,0.014986483575101524,0.002157837068328873,0.0,289787.1562535602,0.0,0.03965425040010694,0.0
8.220000000000017,97.17014089793275,521927.074620222,254.5628464560005,0.1688840174288714,0.0,3.153716389764394,0.1765770712071883,0.1765770712071883,24.134140343144608,0.0,0.022909424488931265,0.014986483575101524,0.0020905755110687367,0.0,289632.4429095114,0.0,0.039559783894050266,0.0
8.250000000000016,97.13772568397745,521645.37086852244,254.4003929962024,0.1635895120490805,0.0,3.0516321108756683,0.1764835126596966,0.1764835126596966,24.06387519023779,0.0,0.0229766723262678,0.014986483575101524,0.0020233276737322003,0.0,289476.11628748,0.0,0.03946574416970331,0.0
8.280000000000015,97.10496995146252,521360.76686703006,254.2362670147915,0.15829784290911733,0.0,2.949603115272237,0.17638897133210596,0.17638897133210596,23.99379599488955,0.0,0.023043906296143883,0.014986483575101524,0.0019560937038561182,0.0,289318.1814812248,0.0,0.03937212907983385,0.0
8.310000000000015,97.07187398819346,521073.2669736392,254.0704710248867,0.15300903944894237,0.0,2.8476299700486374,0.17629344867249874,0.17629344867249874,23.92390220003773,0.0,0.023111126251087993,0.014986483575101524,0.001888873748912008,0.0,289158.6433888467,0.0,0.039278936491257126,0.0
8.340000000000014,97.0384380849431,520782.87558960624,253.90300756461286,0.1477231310646273,0.0,2.7457132414443475,0.17619694614383527,0.17619694614383527,23.85419325127373,0.0,0.02317833204369464,0.014986483575101524,0.0018216679563053603,0.0,288997.4884428698,0.0,0.03918616428467614,0.0
8.370000000000013,97.00466253544792,520489.5971594487,253.73387919704302,0.14244014710791872,0.0,2.6438534948352244,0.17609946522361974,0.17609946522361974,23.784668596838667,0.0,0.02324552352662506,0.014986483575101524,0.0017544764733749413,0.0,288834.7425198004,0.0,0.03909381035460329,0.0
8.400000000000013,96.97054763640442,520193.43617084227,253.56308851013858,0.13716011688579677,0.0,2.542051294725023,0.17600100740406505,0.17600100740406505,23.715327687613048,0.0,0.02331270055260791,0.014986483575101524,0.0016872994473920919,0.0,288670.3927345389,0.0,0.03900187260927261,0.0
8.430000000000012,96.93609368746536,519894.39715451753,253.39063811668973,0.13188306966003605,0.0,2.4403072047370467,0.1759015741920241,0.1759015741920241,23.64616997706764,0.0,0.023379862974439957,0.014986483575101524,0.0016201370255600443,0.0,288504.4519435781,0.0,0.03891034897048841,0.0
8.460000000000012,96.90130099123593,519592.48468415585,253.21653065425605,0.12660903464677165,0.0,2.3386217876056437,0.17580116710881333,0.17580116710881333,23.577194921297345,0.0,0.023447010644986787,0.014986483575101524,0.0015529893550132144,0.0,288336.9158613754,0.0,0.03881923737361127,0.0
8.49000000000001,96.86616985327011,519287.7033762843,253.04076878510526,0.12133804101605764,0.0,2.2369956051678908,0.175699787690467,0.175699787690467,23.50840197894974,0.0,0.023514143417183483,0.014986483575101524,0.001485856582816518,0.0,288167.7752326361,0.0,0.03872853576737147,0.0
8.52000000000001,96.83070058206671,518980.0578901695,252.86335519615199,0.1160701178914362,0.0,2.135429218355145,0.17559743748738108,0.17559743748738108,23.439790611228553,0.0,0.023581261144035328,0.014986483575101524,0.0014187388559646734,0.0,287997.0602651799,0.0,0.038638242113805774,0.0
8.55000000000001,96.79489348906549,518669.55292770924,252.68429259889578,0.1108052943495042,0.0,2.0339231871847274,0.17549411806440005,0.17549411806440005,23.37136028190978,0.0,0.023648363678618497,0.014986483575101524,0.0013516363213815046,0.0,287824.7494869921,0.0,0.0385483543882169,0.0
8.580000000000009,96.75874888864337,518356.19323332596,252.50358372935912,0.10554359941947361,0.0,1.9324780707516087,0.17538983100101974,0.17538983100101974,23.303110457259923,0.0,0.023715450874080744,0.014986483575101524,0.001284549125919257,0.0,287650.858210366,0.0,0.038458870578970815,0.0
8.610000000000008,96.72226709811035,518039.98359385727,252.32123134802498,0.1002850620827471,0.0,1.831094427220037,0.17528457789088386,0.17528457789088386,23.23504060606546,0.0,0.0237825225836421,0.014986483575101524,0.001217477416357901,0.0,287475.3828578149,0.0,0.03836978868747907,0.0
8.640000000000008,96.68544843770562,517720.92883844516,252.13723823977196,0.09502971127248368,0.0,1.7297728138153223,0.17517836034211393,0.17517836034211393,23.167150199610827,0.0,0.023849578660595564,0.014986483575101524,0.0011504213394044373,0.0,287298.33421156555,0.0,0.03828110672809661,0.0
8.670000000000007,96.64829323059348,517399.0338384253,251.95160721381137,0.08977757587316831,0.0,1.6285137868154775,0.1750711799771788,0.1750711799771788,23.099438711640804,0.0,0.02391661895830779,0.014986483575101524,0.00108338104169221,0.0,287119.7005959184,0.0,0.03819282272799407,0.0
8.700000000000006,96.61080180285938,517074.3035072157,251.7643411036224,0.08452868472018538,0.0,1.5273179015430793,0.1749630384327646,0.1749630384327646,23.031905618369205,0.0,0.023983643330219784,0.014986483575101524,0.001016356669780217,0.0,286939.50100569957,0.0,0.03810493472710753,0.0
8.730000000000006,96.57297448350576,516746.7428002039,251.57544276688773,0.07928306659938794,0.0,1.4261857123569643,0.1748539373599145,0.1748539373599145,22.964550398435385,0.0,0.024050651629847587,0.014986483575101524,0.0009493483701524148,0.0,286757.7311616248,0.0,0.038017440778002315,0.0
8.760000000000005,96.53481160444788,516416.35671463195,251.38491508542623,0.07404075024667602,0.0,1.3251177726440022,0.17474387842373088,0.17474387842373088,22.897372532911557,0.0,0.02411764371078297,0.014986483575101524,0.0008823562892170331,0.0,286574.38800838107,0.0,0.037930338945821755,0.0
8.790000000000004,96.49631350050971,516083.1502894818,251.1927609651277,0.06880176434756781,0.0,1.2241146348110354,0.1746328633036069,0.1746328633036069,22.830371505281697,0.0,0.024184619426694115,0.014986483575101524,0.0008153805733058864,0.0,286389.48418818717,0.0,0.03784362730818918,0.0
8.820000000000004,96.4574805094198,515747.1286053615,250.99898333588715,0.06356613753677576,0.0,1.123176850276586,0.1745208936930684,0.1745208936930684,22.763546801409756,0.0,0.02425157863132632,0.014986483575101524,0.000748421368673681,0.0,286203.0105345465,0.0,0.037757303955092844,0.0
8.850000000000003,96.41831297180696,515408.2967843867,250.80358515153583,0.058333898397785286,0.0,1.022304969462795,0.17440797129968238,0.17440797129968238,22.696897909542532,0.0,0.02431852117850267,0.014986483575101524,0.0006814788214973312,0.0,286014.984602138,0.0,0.0376713669888289,0.0
8.880000000000003,96.37881123119597,515066.659990064,250.6065693897746,0.05310507546243178,0.0,0.9214995417873073,0.17429409784511682,0.17429409784511682,22.630424320276706,0.0,0.024385446922124736,0.014986483575101524,0.0006145530778752656,0.0,285825.39995172847,0.0,0.037585814523885624,0.0
8.910000000000002,96.33897563400339,514722.22342717194,250.4079390521054,0.047879697210482,0.0,0.8207611156551775,0.17417927506499278,0.17417927506499278,22.564125526564997,0.0,0.02445235571617325,0.014986483575101524,0.0005476442838267502,0.0,285634.26451651106,0.0,0.0375006446868927,0.0
8.940000000000001,96.29880652953302,514374.99234164134,250.20769716376145,0.0426577920692115,0.0,0.7200902384507213,0.17406350470901671,0.17406350470901671,22.498001023681915,0.0,0.024519247414708806,0.014986483575101524,0.00048075258529119494,0.0,285441.57402179035,0.0,0.037415855616504616,0.0
8.97,96.2583042699718,514024.97202043684,250.00584677363972,0.03743938841298814,0.0,0.6194874565296216,0.17394678854077858,0.17394678854077858,22.432050309203913,0.0,0.02458612187187254,0.014986483575101524,0.00041387812812746297,0.0,285247.33348835836,0.0,0.03733144546330764,0.0
9.0,96.2174692103851,513672.16779143317,249.8023909542292,0.03222451456285718,0.0,0.5189533152108239,0.1738291283376987,0.1738291283376987,22.366272883018894,0.0,0.024652978941886804,0.014986483575101524,0.0003470210581131977,0.0,285051.554820898,0.0,0.03724741238977709,0.0
9.03,96.17630170871257,513316.5850232954,249.59733280154194,0.02701319878612243,0.0,0.41848835876849844,0.17371052589115835,0.17371052589115835,22.30066824728795,0.0,0.024719818479055872,0.014986483575101524,0.000280181520944129,0.0,284854.2330937353,0.0,0.03716375457015487,0.0
9.059999999999999,96.13480212576339,512958.2291253543,249.3906754350413,0.0218054692959324,0.0,0.31809313042417964,0.1735909830063343,0.1735909830063343,22.23523590643518,0.0,0.024786640337766612,0.014986483575101524,0.00021335966223338942,0.0,284655.37080964335,0.0,0.03708047019037477,0.0
9.089999999999998,96.09297082521185,512597.10554748285,249.18242199757037,0.016601354250869647,0.0,0.21776817233869483,0.1734705015020918,0.1734705015020918,22.16997536714971,0.0,0.02485344437248917,0.014986483575101524,0.0001465556275108311,0.0,284454.9761987944,0.0,0.036997557448008464,0.0
9.119999999999997,96.0508081735929,512233.2197799716,248.97257565528048,0.011400881754533795,0.0,0.11751402560433721,0.17334908321119508,0.17334908321119508,22.10488613832982,0.0,0.024920230437777652,0.014986483575101524,7.97695622223489e-05,0.0,284253.0479245008,0.0,0.03691501455211532,0.0
9.149999999999997,0.0,0.0,0.0,0.006204079855137023,0.0,0.017331230236961037,0.17322672997989239,0.17322672997989239,22.039967731120452,0.0,0.024986998388270815,0.014986483575101524,1.3001611729186735e-05,0.0,0.0,0.0,0.0,0.0
